yearly_agency_id,agency_id,data_year,ori,legacy_ori,covered_by_legacy_ori,direct_contributor_flag,dormant_flag,dormant_year,reporting_type,ucr_agency_name,ncic_agency_name,pub_agency_name,pub_agency_unit,agency_status,state_id,state_name,state_abbr,state_postal_abbr,division_code,division_name,region_code,region_name,region_desc,agency_type_name,population,submitting_agency_id,sai,submitting_agency_name,suburban_area_flag,population_group_id,population_group_code,population_group_desc,parent_pop_group_code,parent_pop_group_desc,mip_flag,pop_sort_order,summary_rape_def,pe_reported_flag,male_officer,male_civilian,male_officer+male_civilian,female_officer,female_civilian,female_officer+female_civilian,officer_rate,employee_rate,nibrs_cert_date,nibrs_start_date,nibrs_leoka_start_date,nibrs_ct_start_date,nibrs_multi_bias_start_date,nibrs_off_eth_start_date,covered_flag,county_name,msa_name,publishable_flag,participated,nibrs_participated
129392023,12939,2023,NY0010100,NY0010100,,N,N,,I,ALBANY,ALBANY CITY PD ALBANY,Albany,,A,38,New York,NY,NY,2,Middle Atlantic,1,Northeast,Region I,City,101930,23384,NYUCR0001,New York State Division of Criminal Justice Services Office of Justice Research and Performance,N,6,2,"Cities from 100,000 thru 249,999",2,"Cities from 100,000 thru 249,999",Y,6,,Y,261,17,278,25,45,70,2.8,3.4,2019-01-01,2020-11-01,2021-01-01,2021-01-01,2021-01-01,2021-01-01,N,ALBANY,"Albany-Schenectady-Troy, NY",Y,Y,Y
129462023,12946,2023,NY0015100,NY0015100,,N,N,,I,BETHLEHEM TOWN,BETHLEHEM TOWN PD DELMAR,Bethlehem Town,,A,38,New York,NY,NY,2,Middle Atlantic,1,Northeast,Region I,City,34891,23384,NYUCR0001,New York State Division of Criminal Justice Services Office of Justice Research and Performance,Y,8,4,"Cities from 25,000 thru 49,999",4,"Cities from 25,000 thru 49,999",N,8,,Y,32,8,40,5,9,14,1.1,1.5,2019-01-01,2021-01-01,2021-01-01,2021-01-01,2021-01-01,2021-01-01,N,ALBANY,"Albany-Schenectady-Troy, NY",Y,Y,Y
129482023,12948,2023,NY0015300,NY0015300,,N,N,,I,COLONIE TOWN,COLONIE TOWN PD LATHAM,Colonie Town,,A,38,New York,NY,NY,2,Middle Atlantic,1,Northeast,Region I,City,80724,23384,NYUCR0001,New York State Division of Criminal Justice Services Office of Justice Research and Performance,N,7,3,"Cities from 50,000 thru 99,999",3,"Cities from 50,000 thru 99,999",N,7,,Y,107,25,132,8,13,21,1.4,1.9,2019-01-01,2021-01-01,2021-01-01,2021-01-01,2021-01-01,2021-01-01,N,ALBANY,"Albany-Schenectady-Troy, NY",Y,Y,Y
129682023,12968,2023,NY0030000,NY0030000,,N,N,,I,BROOME,BROOME CO SHERIFF'S DEPARTMENT BINGHAMTON,Broome,,A,38,New York,NY,NY,2,Middle Atlantic,1,Northeast,Region I,County,89120,23384,NYUCR0001,New York State Division of Criminal Justice Services Office of Justice Research and Performance,Y,20,9B,"MSA counties from 25,000 thru 99,999",9,MSA Counties,N,20,,Y,60,8,68,4,6,10,0.7,0.9,2019-01-01,2020-01-01,2020-01-01,2020-01-01,2020-01-01,2020-01-01,N,BROOME,"Binghamton, NY",Y,Y,Y
129692023,12969,2023,NY0030100,NY0030100,,N,N,,I,BINGHAMTON,BINGHAMTON CITY PD BINGHAMTON,Binghamton,,A,38,New York,NY,NY,2,Middle Atlantic,1,Northeast,Region I,City,46781,23384,NYUCR0001,New York State Division of Criminal Justice Services Office of Justice Research and Performance,N,8,4,"Cities from 25,000 thru 49,999",4,"Cities from 25,000 thru 49,999",N,8,,Y,106,2,108,12,9,21,2.5,2.8,2019-01-01,2019-01-01,2019-01-01,2020-01-01,2020-01-01,2020-01-01,N,BROOME,"Binghamton, NY",Y,Y,Y
129702023,12970,2023,NY0030200,NY0030200,,N,N,,I,ENDICOTT VILLAGE,ENDICOTT VILLAGE PD ENDICOTT,Endicott Village,,A,38,New York,NY,NY,2,Middle Atlantic,1,Northeast,Region I,City,13198,23384,NYUCR0001,New York State Division of Criminal Justice Services Office of Justice Research and Performance,Y,9,5,"Cities from 10,000 thru 24,999",5,"Cities from 10,000 thru 24,999",N,9,,Y,30,0,30,3,2,5,2.5,2.7,2019-01-01,2019-01-01,2019-01-01,2019-01-01,2019-01-01,2019-01-01,N,BROOME,"Binghamton, NY",Y,Y,Y
129712023,12971,2023,NY0030300,NY0030300,,N,N,,I,JOHNSON CITY VILLAGE,JOHNSON CITY VILLAGE PD JOHNSON CITY,Johnson City Village,,A,38,New York,NY,NY,2,Middle Atlantic,1,Northeast,Region I,City,14991,23384,NYUCR0001,New York State Division of Criminal Justice Services Office of Justice Research and Performance,Y,9,5,"Cities from 10,000 thru 24,999",5,"Cities from 10,000 thru 24,999",N,9,,Y,38,2,40,2,2,4,2.7,2.9,2019-01-01,2019-01-01,2019-01-01,2020-01-01,2020-01-01,2020-01-01,N,BROOME,"Binghamton, NY",Y,Y,Y
129762023,12976,2023,NY0036400,NY0036400,,N,N,,I,VESTAL TOWN,VESTAL TOWN PD VESTAL,Vestal Town,,A,38,New York,NY,NY,2,Middle Atlantic,1,Northeast,Region I,City,31870,23384,NYUCR0001,New York State Division of Criminal Justice Services Office of Justice Research and Performance,Y,8,4,"Cities from 25,000 thru 49,999",4,"Cities from 25,000 thru 49,999",N,8,,Y,37,1,38,4,3,7,1.3,1.4,2019-01-01,2019-01-01,2019-01-01,2019-01-01,2019-01-01,2019-01-01,N,BROOME,"Binghamton, NY",Y,Y,Y
129782023,12978,2023,NY0040000,NY0040000,,N,N,,I,CATTARAUGUS,CATTARAUGUS CO SHERIFF'S DEPT LITTLE VALLEY,Cattaraugus,,A,38,New York,NY,NY,2,Middle Atlantic,1,Northeast,Region I,County,48877,23384,NYUCR0001,New York State Division of Criminal Justice Services Office of Justice Research and Performance,N,14,8B,"Non-MSA counties from 25,000 thru 99,999",8,Non-MSA Counties,N,14,,Y,49,7,56,8,15,23,1.2,1.6,2019-01-01,2020-12-01,2020-12-01,2020-12-01,2020-12-01,2020-12-01,N,CATTARAUGUS,Not Specified,Y,Y,Y
129792023,12979,2023,NY0040100,NY0040100,,N,N,,I,OLEAN,OLEAN CITY PD OLEAN,Olean,,A,38,New York,NY,NY,2,Middle Atlantic,1,Northeast,Region I,City,13693,23384,NYUCR0001,New York State Division of Criminal Justice Services Office of Justice Research and Performance,N,9,5,"Cities from 10,000 thru 24,999",5,"Cities from 10,000 thru 24,999",N,9,,Y,34,1,35,1,5,6,2.6,3.0,2019-01-01,2021-01-01,2021-01-01,2021-01-01,2021-01-01,2021-01-01,N,CATTARAUGUS,Not Specified,Y,Y,Y
129922023,12992,2023,NY0050000,NY0050000,,N,N,,I,CAYUGA,CAYUGA CO SHERIFF'S DEPARTMENT AUBURN,Cayuga,,A,38,New York,NY,NY,2,Middle Atlantic,1,Northeast,Region I,County,44954,23384,NYUCR0001,New York State Division of Criminal Justice Services Office of Justice Research and Performance,N,14,8B,"Non-MSA counties from 25,000 thru 99,999",8,Non-MSA Counties,N,14,,Y,30,0,30,5,7,12,0.8,0.9,2019-01-01,2019-12-01,2019-12-01,2020-07-01,2020-07-01,2020-07-01,N,CAYUGA,Not Specified,Y,Y,Y
129932023,12993,2023,NY0050100,NY0050100,,N,N,,I,AUBURN,AUBURN CITY PD AUBURN,Auburn,,A,38,New York,NY,NY,2,Middle Atlantic,1,Northeast,Region I,City,25723,23384,NYUCR0001,New York State Division of Criminal Justice Services Office of Justice Research and Performance,N,8,4,"Cities from 25,000 thru 49,999",4,"Cities from 25,000 thru 49,999",N,8,,Y,52,3,55,10,3,13,2.4,2.6,2019-01-01,2020-01-01,2020-01-01,2020-01-01,2020-01-01,2020-01-01,N,CAYUGA,Not Specified,Y,Y,Y
129992023,12999,2023,NY0060000,NY0060000,,N,N,,I,CHAUTAUQUA,CHAUTAUQUA CO SHERIFF'S DEPARTMENT MAYVILLE,Chautauqua,,A,38,New York,NY,NY,2,Middle Atlantic,1,Northeast,Region I,County,56800,23384,NYUCR0001,New York State Division of Criminal Justice Services Office of Justice Research and Performance,N,14,8B,"Non-MSA counties from 25,000 thru 99,999",8,Non-MSA Counties,N,14,,Y,69,24,93,7,16,23,1.3,2.0,2019-01-01,2020-07-01,2020-07-01,2020-08-01,2020-08-01,2020-08-01,N,CHAUTAUQUA,Not Specified,Y,Y,Y
130002023,13000,2023,NY0060100,NY0060100,,N,N,,I,DUNKIRK,DUNKIRK CITY PD DUNKIRK,Dunkirk,,A,38,New York,NY,NY,2,Middle Atlantic,1,Northeast,Region I,City,12479,23384,NYUCR0001,New York State Division of Criminal Justice Services Office of Justice Research and Performance,N,9,5,"Cities from 10,000 thru 24,999",5,"Cities from 10,000 thru 24,999",N,9,,Y,35,0,35,1,1,2,2.9,3.0,2019-01-01,2020-08-01,2020-08-01,2020-08-01,2020-08-01,2020-08-01,N,CHAUTAUQUA,Not Specified,Y,Y,Y
130012023,13001,2023,NY0060200,NY0060200,,N,N,,I,JAMESTOWN,JAMESTOWN CITY PD JAMESTOWN,Jamestown,,A,38,New York,NY,NY,2,Middle Atlantic,1,Northeast,Region I,City,28031,23384,NYUCR0001,New York State Division of Criminal Justice Services Office of Justice Research and Performance,N,8,4,"Cities from 25,000 thru 49,999",4,"Cities from 25,000 thru 49,999",N,8,,Y,53,6,59,9,6,15,2.2,2.6,2019-01-01,2019-01-01,2019-01-01,2020-07-01,2020-07-01,2020-07-01,N,CHAUTAUQUA,Not Specified,Y,Y,Y
130022023,13002,2023,NY0062000,NY0062000,,N,N,,I,LAKEWOOD-BUSTI,LAKEWOOD BUSTI VILLAGE PD LAKEWOOD,Lakewood-Busti,,A,38,New York,NY,NY,2,Middle Atlantic,1,Northeast,Region I,City,7434,23384,NYUCR0001,New York State Division of Criminal Justice Services Office of Justice Research and Performance,N,10,6,"Cities from 2,500 thru 9,999",6,"Cities from 2,500 thru 9,999",N,10,,Y,9,0,9,1,1,2,1.3,1.5,2019-01-01,2020-07-01,2020-07-01,2020-07-01,2020-07-01,2020-07-01,N,CHAUTAUQUA,Not Specified,Y,Y,Y
130092023,13009,2023,NY0062900,NY0062900,,N,N,,I,FREDONIA VILLAGE,FREDONIA VILLAGE PD FREDONIA,Fredonia Village,,A,38,New York,NY,NY,2,Middle Atlantic,1,Northeast,Region I,City,9505,23384,NYUCR0001,New York State Division of Criminal Justice Services Office of Justice Research and Performance,N,10,6,"Cities from 2,500 thru 9,999",6,"Cities from 2,500 thru 9,999",N,10,,N,,,,,,,,,2019-01-01,2020-07-01,2020-07-01,2020-07-01,2020-07-01,2020-07-01,N,CHAUTAUQUA,Not Specified,Y,Y,Y
130122023,13012,2023,NY0063200,NY0063200,,N,N,,I,WESTFIELD VILLAGE,WESTFIELD VILLAGE PD WESTFIELD,Westfield Village,,A,38,New York,NY,NY,2,Middle Atlantic,1,Northeast,Region I,City,2926,23384,NYUCR0001,New York State Division of Criminal Justice Services Office of Justice Research and Performance,N,10,6,"Cities from 2,500 thru 9,999",6,"Cities from 2,500 thru 9,999",N,10,,Y,6,1,7,0,0,0,2.1,2.4,2019-01-01,2020-08-01,2020-08-01,2020-08-01,2020-08-01,2020-08-01,N,CHAUTAUQUA,Not Specified,Y,Y,Y
130162023,13016,2023,NY0065200,NY0065200,,N,N,,I,CARROLL TOWN,CARROLL TOWN PD FREWSBURG,Carroll Town,,A,38,New York,NY,NY,2,Middle Atlantic,1,Northeast,Region I,City,3414,23384,NYUCR0001,New York State Division of Criminal Justice Services Office of Justice Research and Performance,N,10,6,"Cities from 2,500 thru 9,999",6,"Cities from 2,500 thru 9,999",N,10,,N,0,0,0,0,0,0,0.0,0.0,2019-01-01,2020-07-01,2020-07-01,2020-07-01,2020-07-01,2020-07-01,N,CHAUTAUQUA,Not Specified,Y,Y,Y
130172023,13017,2023,NY0065900,NY0065900,,N,N,,I,ELLICOTT TOWN,ELLICOTT TOWN PD FALCONER,Ellicott Town,,A,38,New York,NY,NY,2,Middle Atlantic,1,Northeast,Region I,City,5317,23384,NYUCR0001,New York State Division of Criminal Justice Services Office of Justice Research and Performance,N,10,6,"Cities from 2,500 thru 9,999",6,"Cities from 2,500 thru 9,999",N,10,,Y,12,0,12,0,0,0,2.3,2.3,2019-01-01,2020-07-01,2020-07-01,2020-07-01,2020-07-01,2020-07-01,N,CHAUTAUQUA,Not Specified,Y,Y,Y
130212023,13021,2023,NY0070000,NY0070000,,N,N,,I,CHEMUNG,CHEMUNG CO SHERIFF'S DEPARTMENT ELMIRA,Chemung,,A,38,New York,NY,NY,2,Middle Atlantic,1,Northeast,Region I,County,39433,23384,NYUCR0001,New York State Division of Criminal Justice Services Office of Justice Research and Performance,Y,20,9B,"MSA counties from 25,000 thru 99,999",9,MSA Counties,N,20,,Y,41,0,41,2,6,8,1.1,1.2,2019-01-01,2022-10-01,2022-11-01,2022-11-01,2022-11-01,2022-11-01,N,CHEMUNG,"Elmira, NY",Y,Y,Y
130222023,13022,2023,NY0070100,NY0070100,,N,N,,I,ELMIRA,ELMIRA CITY PD,Elmira,,A,38,New York,NY,NY,2,Middle Atlantic,1,Northeast,Region I,City,25527,23384,NYUCR0001,New York State Division of Criminal Justice Services Office of Justice Research and Performance,N,8,4,"Cities from 25,000 thru 49,999",4,"Cities from 25,000 thru 49,999",N,8,,Y,61,0,61,12,10,22,2.9,3.3,2019-01-01,2022-11-01,2022-11-01,2022-11-01,2022-11-01,2022-11-01,N,CHEMUNG,"Elmira, NY",Y,Y,Y
130242023,13024,2023,NY0072200,NY0072200,,N,N,,I,HORSEHEADS VILLAGE,HORSEHEADS VILLAGE PD HORSEHEADS,Horseheads Village,,A,38,New York,NY,NY,2,Middle Atlantic,1,Northeast,Region I,City,6301,23384,NYUCR0001,New York State Division of Criminal Justice Services Office of Justice Research and Performance,Y,10,6,"Cities from 2,500 thru 9,999",6,"Cities from 2,500 thru 9,999",N,10,,Y,10,1,11,0,0,0,1.6,1.7,2019-01-01,2022-12-01,2022-12-01,2022-12-01,2022-12-01,2022-12-01,N,CHEMUNG,"Elmira, NY",Y,Y,Y
130262023,13026,2023,NY0075500,NY0075500,,N,N,,I,ELMIRA TOWN,ELMIRA TOWN PD ELMIRA,Elmira Town,,A,38,New York,NY,NY,2,Middle Atlantic,1,Northeast,Region I,City,5573,23384,NYUCR0001,New York State Division of Criminal Justice Services Office of Justice Research and Performance,Y,10,6,"Cities from 2,500 thru 9,999",6,"Cities from 2,500 thru 9,999",N,10,,Y,3,0,3,0,0,0,0.5,0.5,2019-01-01,2023-01-01,2023-01-01,2023-01-01,2023-01-01,2023-01-01,N,CHEMUNG,"Elmira, NY",Y,Y,Y
130452023,13045,2023,NY0100100,NY0100100,,N,N,,I,HUDSON,HUDSON CITY PD HUDSON,Hudson,,A,38,New York,NY,NY,2,Middle Atlantic,1,Northeast,Region I,City,5801,23384,NYUCR0001,New York State Division of Criminal Justice Services Office of Justice Research and Performance,N,10,6,"Cities from 2,500 thru 9,999",6,"Cities from 2,500 thru 9,999",N,10,,Y,21,0,21,6,0,6,4.7,4.7,2019-01-01,2019-08-01,2019-08-01,2020-01-01,2020-01-01,2020-01-01,N,COLUMBIA,Not Specified,Y,Y,Y
130562023,13056,2023,NY0110000,NY0110000,,N,N,,I,CORTLAND,CORTLAND CO SHERIFF'S DEPARTMENT CORTLAND,Cortland,,A,38,New York,NY,NY,2,Middle Atlantic,1,Northeast,Region I,County,25749,23384,NYUCR0001,New York State Division of Criminal Justice Services Office of Justice Research and Performance,N,14,8B,"Non-MSA counties from 25,000 thru 99,999",8,Non-MSA Counties,N,14,,Y,29,0,29,5,3,8,1.3,1.4,2019-01-01,2021-07-01,2021-07-01,2021-07-01,2021-07-01,2021-07-01,N,CORTLAND,Not Specified,Y,Y,Y
130572023,13057,2023,NY0110100,NY0110100,,N,N,,I,CORTLAND,CORTLAND CITY PD CORTLAND,Cortland,,A,38,New York,NY,NY,2,Middle Atlantic,1,Northeast,Region I,City,17215,23384,NYUCR0001,New York State Division of Criminal Justice Services Office of Justice Research and Performance,N,9,5,"Cities from 10,000 thru 24,999",5,"Cities from 10,000 thru 24,999",N,9,,Y,34,0,34,7,2,9,2.4,2.5,2019-01-01,2021-10-01,2021-10-01,2021-10-01,2021-10-01,2021-10-01,N,CORTLAND,Not Specified,Y,Y,Y
130582023,13058,2023,NY0112000,NY0112000,,N,N,,I,HOMER VILLAGE,HOMER VILLAGE PD HOMER,Homer Village,,A,38,New York,NY,NY,2,Middle Atlantic,1,Northeast,Region I,City,3090,23384,NYUCR0001,New York State Division of Criminal Justice Services Office of Justice Research and Performance,N,10,6,"Cities from 2,500 thru 9,999",6,"Cities from 2,500 thru 9,999",N,10,,Y,4,0,4,1,0,1,1.6,1.6,2019-01-01,2021-05-01,2021-05-01,2021-05-01,2021-05-01,2021-05-01,N,CORTLAND,Not Specified,Y,Y,Y
130672023,13067,2023,NY0130000,NY0130000,,N,N,,I,DUTCHESS,DUTCHESS CO SHERIFF'S DEPARTMENT POUGHKEEPSIE,Dutchess,,A,38,New York,NY,NY,2,Middle Atlantic,1,Northeast,Region I,County,120155,23384,NYUCR0001,New York State Division of Criminal Justice Services Office of Justice Research and Performance,Y,19,9A,"MSA counties 100,000 or over",9,MSA Counties,Y,19,,Y,100,5,105,9,4,13,0.9,1.0,2019-01-01,2021-01-01,2021-01-01,2021-01-01,2021-01-01,2021-01-01,N,DUTCHESS,"Kiryas Joel-Poughkeepsie-Newburgh, NY",Y,Y,Y
130682023,13068,2023,NY0130100,NY0130100,,N,N,,I,BEACON,BEACON CITY PD BEACON,Beacon,,A,38,New York,NY,NY,2,Middle Atlantic,1,Northeast,Region I,City,14600,23384,NYUCR0001,New York State Division of Criminal Justice Services Office of Justice Research and Performance,Y,9,5,"Cities from 10,000 thru 24,999",5,"Cities from 10,000 thru 24,999",N,9,,Y,30,1,31,2,3,5,2.2,2.5,2019-01-01,2021-01-01,2021-01-01,2021-01-01,2021-01-01,2021-01-01,N,DUTCHESS,"Kiryas Joel-Poughkeepsie-Newburgh, NY",Y,Y,Y
130692023,13069,2023,NY0130200,NY0130200,,N,N,,I,POUGHKEEPSIE,POUGHKEEPSIE CITY PD POUGHKEEPSIE,Poughkeepsie,,A,38,New York,NY,NY,2,Middle Atlantic,1,Northeast,Region I,City,32229,23384,NYUCR0001,New York State Division of Criminal Justice Services Office of Justice Research and Performance,N,8,4,"Cities from 25,000 thru 49,999",4,"Cities from 25,000 thru 49,999",N,8,,Y,78,10,88,5,16,21,2.6,3.4,2019-01-01,2022-11-01,2022-11-01,2022-11-01,2022-11-01,2022-11-01,N,DUTCHESS,"Kiryas Joel-Poughkeepsie-Newburgh, NY",Y,Y,Y
130722023,13072,2023,NY0132000,NY0132000,,N,N,,I,FISHKILL VILLAGE,FISHKILL VILLAGE PD FISHKILL,Fishkill Village,,A,38,New York,NY,NY,2,Middle Atlantic,1,Northeast,Region I,City,2152,23384,NYUCR0001,New York State Division of Criminal Justice Services Office of Justice Research and Performance,Y,11,7,"Cities under 2,500",7,"Cities under 2,500",N,11,,N,0,0,0,0,0,0,0.0,0.0,2019-01-01,2021-10-01,2021-10-01,2021-10-01,2021-10-01,2021-10-01,N,DUTCHESS,"Kiryas Joel-Poughkeepsie-Newburgh, NY",Y,Y,Y
130812023,13081,2023,NY0136300,NY0136300,,N,N,,I,POUGHKEEPSIE TOWN,POUGHKEEPSIE TOWN PD POUGHKEEPSIE,Poughkeepsie Town,,A,38,New York,NY,NY,2,Middle Atlantic,1,Northeast,Region I,City,41164,23384,NYUCR0001,New York State Division of Criminal Justice Services Office of Justice Research and Performance,Y,8,4,"Cities from 25,000 thru 49,999",4,"Cities from 25,000 thru 49,999",N,8,,Y,65,3,68,14,10,24,1.9,2.2,2019-01-01,2021-01-01,2021-01-01,2021-01-01,2021-01-01,2021-01-01,N,DUTCHESS,"Kiryas Joel-Poughkeepsie-Newburgh, NY",Y,Y,Y
130832023,13083,2023,NY0136500,NY0136500,,N,N,,I,HYDE PARK TOWN,HYDE PARK TOWN PD HYDE PARK,Hyde Park Town,,A,38,New York,NY,NY,2,Middle Atlantic,1,Northeast,Region I,City,21229,23384,NYUCR0001,New York State Division of Criminal Justice Services Office of Justice Research and Performance,Y,9,5,"Cities from 10,000 thru 24,999",5,"Cities from 10,000 thru 24,999",N,9,,Y,17,1,18,1,3,4,0.8,1.0,2019-01-01,2020-08-01,2020-09-01,2020-09-01,2020-09-01,2020-09-01,N,DUTCHESS,"Kiryas Joel-Poughkeepsie-Newburgh, NY",Y,Y,Y
130842023,13084,2023,NY0136600,NY0136600,,N,N,,I,EAST FISHKILL TOWN,EAST FISHKILL TOWN PD HOPEWELL JUNCTION,East Fishkill Town,,A,38,New York,NY,NY,2,Middle Atlantic,1,Northeast,Region I,City,29845,23384,NYUCR0001,New York State Division of Criminal Justice Services Office of Justice Research and Performance,Y,8,4,"Cities from 25,000 thru 49,999",4,"Cities from 25,000 thru 49,999",N,8,,Y,24,3,27,3,5,8,0.9,1.2,2019-01-01,2021-04-01,2021-04-01,2021-04-01,2021-04-01,2021-04-01,N,DUTCHESS,"Kiryas Joel-Poughkeepsie-Newburgh, NY",Y,Y,Y
130872023,13087,2023,NY0140000,NY0140000,,N,N,,I,ERIE,ERIE CO SHERIFF'S DEPT ORCHARD PARK,Erie,,A,38,New York,NY,NY,2,Middle Atlantic,1,Northeast,Region I,County,135782,23384,NYUCR0001,New York State Division of Criminal Justice Services Office of Justice Research and Performance,Y,19,9A,"MSA counties 100,000 or over",9,MSA Counties,Y,19,,Y,155,53,208,12,93,105,1.2,2.3,2019-01-01,2022-07-01,2022-07-01,2022-07-01,2022-07-01,2022-07-01,N,ERIE,"Buffalo-Cheektowaga, NY",Y,Y,Y
130882023,13088,2023,NY0140100,NY0140100,,N,N,,I,BUFFALO,BUFFALO CITY PD BUFFALO,Buffalo,,A,38,New York,NY,NY,2,Middle Atlantic,1,Northeast,Region I,City,275922,23384,NYUCR0001,New York State Division of Criminal Justice Services Office of Justice Research and Performance,N,5,1C,"Cities from 250,000 thru 499,999",1,"All cities 250,000 or over",Y,5,,Y,600,53,653,150,129,279,2.7,3.4,2019-01-01,2020-10-01,2020-10-01,2020-10-01,2020-10-01,2020-10-01,N,ERIE,"Buffalo-Cheektowaga, NY",Y,Y,Y
130912023,13091,2023,NY0140400,NY0140400,,N,N,,I,KENMORE VILLAGE,KENMORE VILLAGE PD BUFFALO,Kenmore Village,,A,38,New York,NY,NY,2,Middle Atlantic,1,Northeast,Region I,City,14932,23384,NYUCR0001,New York State Division of Criminal Justice Services Office of Justice Research and Performance,Y,9,5,"Cities from 10,000 thru 24,999",5,"Cities from 10,000 thru 24,999",N,9,,Y,22,1,23,3,3,6,1.7,1.9,2019-01-01,2022-06-01,2022-06-01,2022-06-01,2022-06-01,2022-06-01,N,ERIE,"Buffalo-Cheektowaga, NY",Y,Y,Y
130932023,13093,2023,NY0142200,NY0142200,,N,N,,I,EAST AURORA-AURORA TOWN,EAST AURORA VILLAGE PD EAST AURORA,East Aurora-Aurora Town,,A,38,New York,NY,NY,2,Middle Atlantic,1,Northeast,Region I,City,13955,23384,NYUCR0001,New York State Division of Criminal Justice Services Office of Justice Research and Performance,Y,9,5,"Cities from 10,000 thru 24,999",5,"Cities from 10,000 thru 24,999",N,9,,Y,16,4,20,2,1,3,1.3,1.6,2019-01-01,2023-05-01,2023-05-01,2023-05-01,2023-05-01,2023-05-01,N,ERIE,"Buffalo-Cheektowaga, NY",Y,Y,Y
130942023,13094,2023,NY0142400,NY0142400,,N,N,,I,DEPEW VILLAGE,DEPEW VILLAGE PD DEPEW,Depew Village,,A,38,New York,NY,NY,2,Middle Atlantic,1,Northeast,Region I,City,14910,23384,NYUCR0001,New York State Division of Criminal Justice Services Office of Justice Research and Performance,Y,9,5,"Cities from 10,000 thru 24,999",5,"Cities from 10,000 thru 24,999",N,9,,Y,25,4,29,3,4,7,1.9,2.4,2019-01-01,2022-05-01,2022-05-01,2022-05-01,2022-05-01,2022-05-01,N,ERIE,"Buffalo-Cheektowaga, NY",Y,Y,Y
131002023,13100,2023,NY0143000,NY0143000,,N,N,,I,HAMBURG VILLAGE,HAMBURG VILLAGE PD HAMBURG,Hamburg Village,,A,38,New York,NY,NY,2,Middle Atlantic,1,Northeast,Region I,City,9785,23384,NYUCR0001,New York State Division of Criminal Justice Services Office of Justice Research and Performance,Y,10,6,"Cities from 2,500 thru 9,999",6,"Cities from 2,500 thru 9,999",N,10,,Y,13,0,13,0,1,1,1.3,1.4,2019-01-01,2023-01-01,2023-01-01,2023-01-01,2023-01-01,2023-01-01,N,ERIE,"Buffalo-Cheektowaga, NY",Y,Y,Y
131072023,13107,2023,NY0145500,NY0145500,,N,N,,I,CHEEKTOWAGA TOWN,CHEEKTOWAGA TOWN PD CHEEKTOWAGA,Cheektowaga Town,,A,38,New York,NY,NY,2,Middle Atlantic,1,Northeast,Region I,City,79330,23384,NYUCR0001,New York State Division of Criminal Justice Services Office of Justice Research and Performance,N,7,3,"Cities from 50,000 thru 99,999",3,"Cities from 50,000 thru 99,999",N,7,,Y,109,15,124,18,19,37,1.6,2.0,2019-01-01,2022-11-01,2022-11-01,2022-11-01,2022-11-01,2022-11-01,N,ERIE,"Buffalo-Cheektowaga, NY",Y,Y,Y
131092023,13109,2023,NY0146100,NY0146100,,N,N,,I,EDEN TOWN,EDEN TOWN PD EDEN,Eden Town,,A,38,New York,NY,NY,2,Middle Atlantic,1,Northeast,Region I,City,7511,23384,NYUCR0001,New York State Division of Criminal Justice Services Office of Justice Research and Performance,Y,10,6,"Cities from 2,500 thru 9,999",6,"Cities from 2,500 thru 9,999",N,10,,Y,3,0,3,0,0,0,0.4,0.4,2019-01-01,2023-06-01,2023-06-01,2023-06-01,2023-06-01,2023-06-01,N,ERIE,"Buffalo-Cheektowaga, NY",Y,Y,Y
131122023,13112,2023,NY0146500,NY0146500,,N,N,,I,HAMBURG TOWN,HAMBURG TOWN PD HAMBURG,Hamburg Town,,A,38,New York,NY,NY,2,Middle Atlantic,1,Northeast,Region I,City,47886,23384,NYUCR0001,New York State Division of Criminal Justice Services Office of Justice Research and Performance,Y,8,4,"Cities from 25,000 thru 49,999",4,"Cities from 25,000 thru 49,999",N,8,,Y,59,0,59,5,4,9,1.3,1.4,2019-01-01,2023-02-01,2023-02-01,2023-02-01,2023-02-01,2023-02-01,N,ERIE,"Buffalo-Cheektowaga, NY",Y,Y,Y
131172023,13117,2023,NY0147400,NY0147400,,N,N,,I,WEST SENECA TOWN,WEST SENECA TOWN PD,West Seneca Town,,A,38,New York,NY,NY,2,Middle Atlantic,1,Northeast,Region I,City,45081,23384,NYUCR0001,New York State Division of Criminal Justice Services Office of Justice Research and Performance,Y,8,4,"Cities from 25,000 thru 49,999",4,"Cities from 25,000 thru 49,999",N,8,,Y,60,15,75,5,7,12,1.4,1.9,2019-01-01,2023-01-01,2023-01-01,2023-01-01,2023-01-01,2023-01-01,N,ERIE,"Buffalo-Cheektowaga, NY",Y,Y,Y
131312023,13131,2023,NY0170000,NY0170000,,N,N,,I,FULTON,FULTON CO SHERIFF'S DEPARTMENT JOHNSTOWN,Fulton,,A,38,New York,NY,NY,2,Middle Atlantic,1,Northeast,Region I,County,28611,23384,NYUCR0001,New York State Division of Criminal Justice Services Office of Justice Research and Performance,N,14,8B,"Non-MSA counties from 25,000 thru 99,999",8,Non-MSA Counties,N,14,,Y,20,6,26,6,10,16,0.9,1.5,2019-01-01,2022-03-01,2022-03-01,2022-03-01,2022-03-01,2022-03-01,N,FULTON,Not Specified,Y,Y,Y
131322023,13132,2023,NY0170100,NY0170100,,N,N,,I,GLOVERSVILLE,GLOVERSVILLE CITY PD GLOVERSVILLE,Gloversville,,A,38,New York,NY,NY,2,Middle Atlantic,1,Northeast,Region I,City,14863,23384,NYUCR0001,New York State Division of Criminal Justice Services Office of Justice Research and Performance,N,9,5,"Cities from 10,000 thru 24,999",5,"Cities from 10,000 thru 24,999",N,9,,Y,31,0,31,0,3,3,2.1,2.3,2019-01-01,2022-02-01,2022-02-01,2022-02-01,2022-02-01,2022-02-01,N,FULTON,Not Specified,Y,Y,Y
131332023,13133,2023,NY0170200,NY0170200,,N,N,,I,JOHNSTOWN,JOHNSTOWN CITY PD JOHNSTOWN,Johnstown,,A,38,New York,NY,NY,2,Middle Atlantic,1,Northeast,Region I,City,8120,23384,NYUCR0001,New York State Division of Criminal Justice Services Office of Justice Research and Performance,N,10,6,"Cities from 2,500 thru 9,999",6,"Cities from 2,500 thru 9,999",N,10,,Y,21,0,21,3,1,4,3.0,3.1,2019-01-01,2022-06-01,2022-06-01,2022-06-01,2022-06-01,2022-06-01,N,FULTON,Not Specified,Y,Y,Y
131362023,13136,2023,NY0180000,NY0180000,,N,N,,I,GENESEE,GENESEE CO SHERIFF'S DEPARTMENT BATAVIA,Genesee,,A,38,New York,NY,NY,2,Middle Atlantic,1,Northeast,Region I,County,37690,23384,NYUCR0001,New York State Division of Criminal Justice Services Office of Justice Research and Performance,N,14,8B,"Non-MSA counties from 25,000 thru 99,999",8,Non-MSA Counties,N,14,,Y,41,12,53,3,15,18,1.2,1.9,2019-01-01,2019-01-01,2021-01-01,2021-01-01,2021-01-01,2021-01-01,N,GENESEE,Not Specified,Y,Y,Y
131372023,13137,2023,NY0180100,NY0180100,,N,N,,I,BATAVIA,BATAVIA CITY PD BATAVIA,Batavia,,A,38,New York,NY,NY,2,Middle Atlantic,1,Northeast,Region I,City,15410,23384,NYUCR0001,New York State Division of Criminal Justice Services Office of Justice Research and Performance,N,9,5,"Cities from 10,000 thru 24,999",5,"Cities from 10,000 thru 24,999",N,9,,Y,30,1,31,4,2,6,2.2,2.4,2019-01-01,2020-06-01,2021-01-01,2021-01-01,2021-01-01,2021-01-01,N,GENESEE,Not Specified,Y,Y,Y
131382023,13138,2023,NY0182300,NY0182300,,N,N,,I,LE ROY VILLAGE,LEROY VILLAGE PD LEROY,Le Roy Village,,A,38,New York,NY,NY,2,Middle Atlantic,1,Northeast,Region I,City,4217,23384,NYUCR0001,New York State Division of Criminal Justice Services Office of Justice Research and Performance,N,10,6,"Cities from 2,500 thru 9,999",6,"Cities from 2,500 thru 9,999",N,10,,Y,7,0,7,1,1,2,1.9,2.1,2019-01-01,2021-05-01,2021-05-01,2021-05-01,2021-05-01,2021-05-01,N,GENESEE,Not Specified,Y,Y,Y
131542023,13154,2023,NY0212200,NY0212200,,N,N,,I,ILION VILLAGE,ILION VILLAGE PD ILION,Ilion Village,,A,38,New York,NY,NY,2,Middle Atlantic,1,Northeast,Region I,City,7599,23384,NYUCR0001,New York State Division of Criminal Justice Services Office of Justice Research and Performance,Y,10,6,"Cities from 2,500 thru 9,999",6,"Cities from 2,500 thru 9,999",N,10,,Y,13,0,13,3,3,6,2.1,2.5,2019-01-01,2020-12-01,2020-12-01,2020-12-01,2020-12-01,2020-12-01,N,HERKIMER,"Utica-Rome, NY",Y,Y,Y
131622023,13162,2023,NY0220000,NY0220000,,N,N,,I,JEFFERSON,JEFFERSON CO SHERIFF'S DEPARTMENT WATERTOWN,Jefferson,,A,38,New York,NY,NY,2,Middle Atlantic,1,Northeast,Region I,County,77103,23384,NYUCR0001,New York State Division of Criminal Justice Services Office of Justice Research and Performance,Y,20,9B,"MSA counties from 25,000 thru 99,999",9,MSA Counties,N,20,,Y,41,1,42,3,10,13,0.6,0.7,2019-01-01,2020-07-01,2020-07-01,2020-08-01,2020-08-01,2020-08-01,N,JEFFERSON,"Watertown-Fort Drum, NY",Y,Y,Y
131632023,13163,2023,NY0220100,NY0220100,,N,N,,I,WATERTOWN,WATERTOWN CITY PD WATERTOWN,Watertown,,A,38,New York,NY,NY,2,Middle Atlantic,1,Northeast,Region I,City,24393,23384,NYUCR0001,New York State Division of Criminal Justice Services Office of Justice Research and Performance,N,9,5,"Cities from 10,000 thru 24,999",5,"Cities from 10,000 thru 24,999",N,9,,Y,58,1,59,12,2,14,2.9,3.0,2019-01-01,2021-01-01,2021-01-01,2021-01-01,2021-01-01,2021-01-01,N,JEFFERSON,"Watertown-Fort Drum, NY",Y,Y,Y
131842023,13184,2023,NY0240000,NY0240000,,N,N,,I,LEWIS,LEWIS CO SHERIFF'S DEPARTMENT LOWVILLE,Lewis,,A,38,New York,NY,NY,2,Middle Atlantic,1,Northeast,Region I,County,23562,23384,NYUCR0001,New York State Division of Criminal Justice Services Office of Justice Research and Performance,N,15,8C,"Non-MSA counties from 10,000 thru 24,999",8,Non-MSA Counties,N,15,,Y,20,0,20,2,1,3,0.9,1.0,2019-01-01,2021-01-01,2021-01-01,2021-01-01,2021-01-01,2021-01-01,N,LEWIS,Not Specified,Y,Y,Y
131902023,13190,2023,NY0250000,NY0250000,,N,N,,I,LIVINGSTON,LIVINGSTON CO SHERIFF'S DEPARTMENT GENESEO,Livingston,,A,38,New York,NY,NY,2,Middle Atlantic,1,Northeast,Region I,County,38475,23384,NYUCR0001,New York State Division of Criminal Justice Services Office of Justice Research and Performance,Y,20,9B,"MSA counties from 25,000 thru 99,999",9,MSA Counties,N,20,,Y,47,7,54,6,15,21,1.4,1.9,2019-01-01,2021-01-01,2021-01-01,2021-01-01,2021-01-01,2021-01-01,N,LIVINGSTON,"Rochester, NY",Y,Y,Y
131982023,13198,2023,NY0260000,NY0260000,,N,N,,I,MADISON,MADISON CO SHERIFF'S DEPARTMENT WAMPSVILLE,Madison,,A,38,New York,NY,NY,2,Middle Atlantic,1,Northeast,Region I,County,40870,23384,NYUCR0001,New York State Division of Criminal Justice Services Office of Justice Research and Performance,Y,20,9B,"MSA counties from 25,000 thru 99,999",9,MSA Counties,N,20,,Y,37,1,38,5,9,14,1.0,1.3,2019-01-01,2023-05-01,2023-05-01,2023-05-01,2023-05-01,2023-05-01,N,MADISON,"Syracuse, NY",Y,Y,Y
131992023,13199,2023,NY0260100,NY0260100,,N,N,,I,ONEIDA,ONEIDA CITY PD ONEIDA,Oneida,,A,38,New York,NY,NY,2,Middle Atlantic,1,Northeast,Region I,City,10053,23384,NYUCR0001,New York State Division of Criminal Justice Services Office of Justice Research and Performance,Y,9,5,"Cities from 10,000 thru 24,999",5,"Cities from 10,000 thru 24,999",N,9,,Y,26,1,27,1,3,4,2.7,3.1,2019-01-01,2023-05-01,2023-05-01,2023-05-01,2023-05-01,2023-05-01,N,MADISON,"Syracuse, NY",Y,Y,Y
132002023,13200,2023,NY0262100,NY0262100,,N,N,,I,CAZENOVIA VILLAGE,CAZENOVIA VILLAGE PD CAZENOVIA,Cazenovia Village,,A,38,New York,NY,NY,2,Middle Atlantic,1,Northeast,Region I,City,2737,23384,NYUCR0001,New York State Division of Criminal Justice Services Office of Justice Research and Performance,Y,10,6,"Cities from 2,500 thru 9,999",6,"Cities from 2,500 thru 9,999",N,10,,Y,4,0,4,1,1,2,1.8,2.2,2019-01-01,2023-04-01,2023-04-01,2023-04-01,2023-04-01,2023-04-01,N,MADISON,"Syracuse, NY",Y,Y,Y
132022023,13202,2023,NY0262600,NY0262600,,N,N,,I,CANASTOTA VILLAGE,CANASTOTA VILLAGE PD CANASTOTA,Canastota Village,,A,38,New York,NY,NY,2,Middle Atlantic,1,Northeast,Region I,City,4462,23384,NYUCR0001,New York State Division of Criminal Justice Services Office of Justice Research and Performance,Y,10,6,"Cities from 2,500 thru 9,999",6,"Cities from 2,500 thru 9,999",N,10,,Y,4,0,4,1,0,1,1.1,1.1,2019-01-01,2023-05-01,2023-05-01,2023-05-01,2023-05-01,2023-05-01,N,MADISON,"Syracuse, NY",Y,Y,Y
132052023,13205,2023,NY0270000,NY0270000,,N,N,,I,MONROE,MONROE CO SHERIFF'S DEPARTMENT ROCHESTER,Monroe,,A,38,New York,NY,NY,2,Middle Atlantic,1,Northeast,Region I,County,251227,23384,NYUCR0001,New York State Division of Criminal Justice Services Office of Justice Research and Performance,Y,19,9A,"MSA counties 100,000 or over",9,MSA Counties,Y,19,,Y,248,21,269,47,44,91,1.2,1.4,2019-01-01,2019-01-01,2019-01-01,2020-01-01,2020-01-01,2020-01-01,N,MONROE,"Rochester, NY",Y,Y,Y
132062023,13206,2023,NY0270100,NY0270100,,N,N,,I,ROCHESTER,ROCHESTER CITY PD ROCHESTER,Rochester,,A,38,New York,NY,NY,2,Middle Atlantic,1,Northeast,Region I,City,208452,23384,NYUCR0001,New York State Division of Criminal Justice Services Office of Justice Research and Performance,N,6,2,"Cities from 100,000 thru 249,999",2,"Cities from 100,000 thru 249,999",Y,6,,Y,542,32,574,84,57,141,3.0,3.4,2019-01-01,2021-02-01,2021-02-01,2021-02-01,2021-02-01,2021-02-01,N,MONROE,"Rochester, NY",Y,Y,Y
132072023,13207,2023,NY0270200,NY0270200,,N,N,,I,IRONDEQUOIT TOWN,IRONDEQUOIT TOWN PD ROCHESTER,Irondequoit Town,,A,38,New York,NY,NY,2,Middle Atlantic,1,Northeast,Region I,City,49693,23384,NYUCR0001,New York State Division of Criminal Justice Services Office of Justice Research and Performance,Y,8,4,"Cities from 25,000 thru 49,999",4,"Cities from 25,000 thru 49,999",N,8,,Y,43,2,45,7,6,13,1.0,1.2,2019-01-01,2020-06-01,2020-06-01,2020-06-01,2020-06-01,2020-06-01,N,MONROE,"Rochester, NY",Y,Y,Y
132092023,13209,2023,NY0272400,NY0272400,,N,N,,I,EAST ROCHESTER VILLAGE,EAST ROCHESTER VILLAGE PD EAST ROCHESTER,East Rochester Village,,A,38,New York,NY,NY,2,Middle Atlantic,1,Northeast,Region I,City,6159,23384,NYUCR0001,New York State Division of Criminal Justice Services Office of Justice Research and Performance,Y,10,6,"Cities from 2,500 thru 9,999",6,"Cities from 2,500 thru 9,999",N,10,,Y,9,0,9,1,1,2,1.6,1.8,2019-01-01,2020-01-01,2020-01-01,2020-01-01,2020-01-01,2020-01-01,N,MONROE,"Rochester, NY",Y,Y,Y
132102023,13210,2023,NY0272500,NY0272500,,N,N,,I,FAIRPORT VILLAGE,FAIRPORT VILLAGE PD FAIRPORT,Fairport Village,,A,38,New York,NY,NY,2,Middle Atlantic,1,Northeast,Region I,City,5341,23384,NYUCR0001,New York State Division of Criminal Justice Services Office of Justice Research and Performance,Y,10,6,"Cities from 2,500 thru 9,999",6,"Cities from 2,500 thru 9,999",N,10,,Y,10,0,10,0,1,1,1.9,2.1,2019-01-01,2019-11-01,2019-11-01,2020-01-01,2020-01-01,2020-01-01,N,MONROE,"Rochester, NY",Y,Y,Y
132112023,13211,2023,NY0272800,NY0272800,,N,N,,I,BROCKPORT VILLAGE,BROCKPORT VILLAGE PD BROCKPORT,Brockport Village,,A,38,New York,NY,NY,2,Middle Atlantic,1,Northeast,Region I,City,7035,23384,NYUCR0001,New York State Division of Criminal Justice Services Office of Justice Research and Performance,Y,10,6,"Cities from 2,500 thru 9,999",6,"Cities from 2,500 thru 9,999",N,10,,Y,12,0,12,1,1,2,1.8,2.0,2019-01-01,2019-05-01,2019-05-01,2020-01-01,2020-01-01,2020-01-01,N,MONROE,"Rochester, NY",Y,Y,Y
132122023,13212,2023,NY0275000,NY0275000,,N,N,,I,BRIGHTON TOWN,BRIGHTON TOWN PD ROCHESTER,Brighton Town,,A,38,New York,NY,NY,2,Middle Atlantic,1,Northeast,Region I,City,36095,23384,NYUCR0001,New York State Division of Criminal Justice Services Office of Justice Research and Performance,Y,8,4,"Cities from 25,000 thru 49,999",4,"Cities from 25,000 thru 49,999",N,8,,Y,30,1,31,9,4,13,1.1,1.2,2019-01-01,2020-01-01,2020-01-01,2020-01-01,2020-01-01,2020-01-01,N,MONROE,"Rochester, NY",Y,Y,Y
132132023,13213,2023,NY0275300,NY0275300,,N,N,,I,GATES TOWN,GATES TOWN PD ROCHESTER,Gates Town,,A,38,New York,NY,NY,2,Middle Atlantic,1,Northeast,Region I,City,28883,23384,NYUCR0001,New York State Division of Criminal Justice Services Office of Justice Research and Performance,Y,8,4,"Cities from 25,000 thru 49,999",4,"Cities from 25,000 thru 49,999",N,8,,Y,29,0,29,4,3,7,1.1,1.2,2019-01-01,2021-11-01,2021-11-01,2021-11-01,2021-11-01,2021-11-01,N,MONROE,"Rochester, NY",Y,Y,Y
132142023,13214,2023,NY0275400,NY0275400,,N,N,,I,GREECE TOWN,GREECE TOWN PD ROCHESTER,Greece Town,,A,38,New York,NY,NY,2,Middle Atlantic,1,Northeast,Region I,City,94724,23384,NYUCR0001,New York State Division of Criminal Justice Services Office of Justice Research and Performance,N,7,3,"Cities from 50,000 thru 99,999",3,"Cities from 50,000 thru 99,999",N,7,,Y,74,3,77,14,10,24,0.9,1.1,2019-01-01,2019-01-01,2019-01-01,2020-01-01,2020-01-01,2020-01-01,N,MONROE,"Rochester, NY",Y,Y,Y
132152023,13215,2023,NY0275900,NY0275900,,N,N,,I,OGDEN TOWN,OGDEN TOWN PD SPENCERPORT,Ogden Town,,A,38,New York,NY,NY,2,Middle Atlantic,1,Northeast,Region I,City,20111,23384,NYUCR0001,New York State Division of Criminal Justice Services Office of Justice Research and Performance,Y,9,5,"Cities from 10,000 thru 24,999",5,"Cities from 10,000 thru 24,999",N,9,,Y,11,1,12,1,2,3,0.6,0.7,2019-01-01,2020-01-01,2020-01-01,2020-01-01,2020-01-01,2020-01-01,N,MONROE,"Rochester, NY",Y,Y,Y
132162023,13216,2023,NY0276700,NY0276700,,N,N,,I,WEBSTER TOWN & VILLAGE,WEBSTER TOWN PD WEBSTER,Webster Town and Village,,A,38,New York,NY,NY,2,Middle Atlantic,1,Northeast,Region I,City,45325,23384,NYUCR0001,New York State Division of Criminal Justice Services Office of Justice Research and Performance,Y,8,4,"Cities from 25,000 thru 49,999",4,"Cities from 25,000 thru 49,999",N,8,,Y,29,0,29,4,4,8,0.7,0.8,2019-01-01,2020-01-01,2020-01-01,2020-01-01,2020-01-01,2020-01-01,N,MONROE,"Rochester, NY",Y,Y,Y
132182023,13218,2023,NY0280000,NY0280000,,N,N,,I,MONTGOMERY,MONTGOMERY CO SHERIFF'S DEPARTMENT FONDA,Montgomery,,A,38,New York,NY,NY,2,Middle Atlantic,1,Northeast,Region I,County,25897,23384,NYUCR0001,New York State Division of Criminal Justice Services Office of Justice Research and Performance,N,14,8B,"Non-MSA counties from 25,000 thru 99,999",8,Non-MSA Counties,N,14,,Y,33,4,37,5,13,18,1.5,2.1,2019-01-01,2021-01-01,2021-01-01,2021-01-01,2021-01-01,2021-01-01,N,MONTGOMERY,Not Specified,Y,Y,Y
132272023,13227,2023,NY0290400,NY0290400,,N,N,,I,FREEPORT VILLAGE,FREEPORT VILLAGE PD FREEPORT,Freeport Village,,A,38,New York,NY,NY,2,Middle Atlantic,1,Northeast,Region I,City,43691,23384,NYUCR0001,New York State Division of Criminal Justice Services Office of Justice Research and Performance,Y,8,4,"Cities from 25,000 thru 49,999",4,"Cities from 25,000 thru 49,999",N,8,,Y,93,2,95,10,9,19,2.4,2.6,2019-01-01,2022-01-01,2022-01-01,2022-01-01,2022-01-01,2022-01-01,N,NASSAU,"New York-Newark-Jersey City, NY-NJ",Y,Y,Y
132292023,13229,2023,NY0290600,NY0290600,,N,N,,I,HEMPSTEAD VILLAGE,HEMPSTEAD VILLAGE PD HEMPSTEAD,Hempstead Village,,A,38,New York,NY,NY,2,Middle Atlantic,1,Northeast,Region I,City,58071,23384,NYUCR0001,New York State Division of Criminal Justice Services Office of Justice Research and Performance,N,7,3,"Cities from 50,000 thru 99,999",3,"Cities from 50,000 thru 99,999",N,7,,Y,95,6,101,23,22,45,2.0,2.5,2019-01-01,2021-01-01,2021-01-01,2021-01-01,2021-01-01,2021-01-01,N,NASSAU,"New York-Newark-Jersey City, NY-NJ",Y,Y,Y
132612023,13261,2023,NY0294300,NY0294300,,N,N,,I,OLD WESTBURY VILLAGE,OLD WESTBURY VILLAGE PD OLD WESTBURY,Old Westbury Village,,A,38,New York,NY,NY,2,Middle Atlantic,1,Northeast,Region I,City,5034,23384,NYUCR0001,New York State Division of Criminal Justice Services Office of Justice Research and Performance,Y,10,6,"Cities from 2,500 thru 9,999",6,"Cities from 2,500 thru 9,999",N,10,,Y,27,2,29,2,3,5,5.8,6.8,2019-01-01,2020-12-01,2020-12-01,2020-12-01,2020-12-01,2020-12-01,N,NASSAU,"New York-Newark-Jersey City, NY-NJ",Y,Y,Y
132742023,13274,2023,NY0303000,NY0303000,,N,N,,I,NEW YORK,NEW YORK CITY PD NEW YORK,New York,,A,38,New York,NY,NY,2,Middle Atlantic,1,Northeast,Region I,City,8184044,23384,NYUCR0001,New York State Division of Criminal Justice Services Office of Justice Research and Performance,N,3,1A,"Cities 1,000,000 or over",1,"All cities 250,000 or over",Y,3,,Y,26503,5185,31688,6813,8915,15728,4.1,5.8,2019-01-01,2023-01-01,2023-01-01,2023-01-01,2023-01-01,2023-01-01,N,NOT SPECIFIED,"New York-Newark-Jersey City, NY-NJ",Y,Y,Y
132792023,13279,2023,NY0310000,NY0310000,,N,N,,I,NIAGARA,NIAGARA CO SHERIFF'S DEPARTMENT LOCKPORT,Niagara,,A,38,New York,NY,NY,2,Middle Atlantic,1,Northeast,Region I,County,84002,23384,NYUCR0001,New York State Division of Criminal Justice Services Office of Justice Research and Performance,Y,20,9B,"MSA counties from 25,000 thru 99,999",9,MSA Counties,N,20,,Y,94,28,122,16,35,51,1.3,2.1,2019-01-01,2019-05-01,2019-05-01,2020-01-01,2020-01-01,2020-01-01,N,NIAGARA,"Buffalo-Cheektowaga, NY",Y,Y,Y
132812023,13281,2023,NY0310200,NY0310200,,N,N,,I,NIAGARA FALLS,NIAGARA FALLS CITY PD NIAGARA FALLS,Niagara Falls,,A,38,New York,NY,NY,2,Middle Atlantic,1,Northeast,Region I,City,47732,23384,NYUCR0001,New York State Division of Criminal Justice Services Office of Justice Research and Performance,Y,8,4,"Cities from 25,000 thru 49,999",4,"Cities from 25,000 thru 49,999",N,8,,Y,120,2,122,23,12,35,3.0,3.3,2019-01-01,2021-01-01,2021-01-01,2021-01-01,2021-01-01,2021-01-01,N,NIAGARA,"Buffalo-Cheektowaga, NY",Y,Y,Y
132822023,13282,2023,NY0310300,NY0310300,,N,N,,I,NORTH TONAWANDA,NORTH TONAWANDA CITY PD NORTH TONAWANDA,North Tonawanda,,A,38,New York,NY,NY,2,Middle Atlantic,1,Northeast,Region I,City,30138,23384,NYUCR0001,New York State Division of Criminal Justice Services Office of Justice Research and Performance,Y,8,4,"Cities from 25,000 thru 49,999",4,"Cities from 25,000 thru 49,999",N,8,,Y,46,0,46,3,3,6,1.6,1.7,2019-01-01,2020-01-01,2020-01-01,2020-01-01,2020-01-01,2020-01-01,N,NIAGARA,"Buffalo-Cheektowaga, NY",Y,Y,Y
132852023,13285,2023,NY0312300,NY0312300,,N,N,,I,YOUNGSTOWN VILLAGE,YOUNGSTOWN VILLAGE PD YOUNGSTOWN,Youngstown Village,,A,38,New York,NY,NY,2,Middle Atlantic,1,Northeast,Region I,City,1846,23384,NYUCR0001,New York State Division of Criminal Justice Services Office of Justice Research and Performance,Y,11,7,"Cities under 2,500",7,"Cities under 2,500",N,11,,N,,,,,,,,,2019-01-01,2020-01-01,2020-01-01,2020-01-01,2020-01-01,2020-01-01,N,NIAGARA,"Buffalo-Cheektowaga, NY",Y,Y,Y
132862023,13286,2023,NY0315400,NY0315400,,N,N,,I,LEWISTON TOWN & VILLAGE,LEWISTON POLICE DEPARTMENT,Lewiston Town and Village,,A,38,New York,NY,NY,2,Middle Atlantic,1,Northeast,Region I,City,15704,23384,NYUCR0001,New York State Division of Criminal Justice Services Office of Justice Research and Performance,Y,9,5,"Cities from 10,000 thru 24,999",5,"Cities from 10,000 thru 24,999",N,9,,Y,14,0,14,2,1,3,1.0,1.1,2019-01-01,2020-01-01,2020-01-01,2020-01-01,2020-01-01,2020-01-01,N,NIAGARA,"Buffalo-Cheektowaga, NY",Y,Y,Y
132872023,13287,2023,NY0315500,NY0315500,,N,N,,I,NIAGARA TOWN,NIAGARA TOWN PD NIAGARA FALLS,Niagara Town,,A,38,New York,NY,NY,2,Middle Atlantic,1,Northeast,Region I,City,7746,23384,NYUCR0001,New York State Division of Criminal Justice Services Office of Justice Research and Performance,Y,10,6,"Cities from 2,500 thru 9,999",6,"Cities from 2,500 thru 9,999",N,10,,Y,7,0,7,2,1,3,1.2,1.3,2019-01-01,2020-01-01,2020-01-01,2020-01-01,2020-01-01,2020-01-01,N,NIAGARA,"Buffalo-Cheektowaga, NY",Y,Y,Y
132892023,13289,2023,NY0320000,NY0320000,,N,N,,I,ONEIDA,ONEIDA CO SHERIFF'S DEPARTMENT ORISKANY,Oneida,,A,38,New York,NY,NY,2,Middle Atlantic,1,Northeast,Region I,County,77229,23384,NYUCR0001,New York State Division of Criminal Justice Services Office of Justice Research and Performance,Y,20,9B,"MSA counties from 25,000 thru 99,999",9,MSA Counties,N,20,,Y,114,0,114,11,10,21,1.6,1.7,2019-01-01,2021-01-01,2021-01-01,2021-01-01,2021-01-01,2021-01-01,N,ONEIDA,"Utica-Rome, NY",Y,Y,Y
132902023,13290,2023,NY0320100,NY0320100,,N,N,,I,ROME,ROME CITY PD ROME,Rome,,A,38,New York,NY,NY,2,Middle Atlantic,1,Northeast,Region I,City,31575,23384,NYUCR0001,New York State Division of Criminal Justice Services Office of Justice Research and Performance,N,8,4,"Cities from 25,000 thru 49,999",4,"Cities from 25,000 thru 49,999",N,8,,Y,63,1,64,11,2,13,2.3,2.4,2019-01-01,2020-02-01,2020-02-01,2020-07-01,2020-07-01,2020-07-01,N,ONEIDA,"Utica-Rome, NY",Y,Y,Y
132912023,13291,2023,NY0320200,NY0320200,,N,N,,I,UTICA,UTICA CITY PD UTICA,Utica,,A,38,New York,NY,NY,2,Middle Atlantic,1,Northeast,Region I,City,63548,23384,NYUCR0001,New York State Division of Criminal Justice Services Office of Justice Research and Performance,N,7,3,"Cities from 50,000 thru 99,999",3,"Cities from 50,000 thru 99,999",N,7,,Y,156,8,164,13,8,21,2.7,2.9,2019-01-01,2019-01-01,2019-01-01,2020-01-01,2020-01-01,2020-01-01,N,ONEIDA,"Utica-Rome, NY",Y,Y,Y
132942023,13294,2023,NY0322400,NY0322400,,N,N,,I,SHERRILL,SHERRILL CITY PD SHERRILL,Sherrill,,A,38,New York,NY,NY,2,Middle Atlantic,1,Northeast,Region I,City,2989,23384,NYUCR0001,New York State Division of Criminal Justice Services Office of Justice Research and Performance,Y,10,6,"Cities from 2,500 thru 9,999",6,"Cities from 2,500 thru 9,999",N,10,,Y,3,0,3,0,0,0,1.0,1.0,2019-01-01,2021-09-01,2021-09-01,2021-09-01,2021-09-01,2021-09-01,N,ONEIDA,"Utica-Rome, NY",Y,Y,Y
133032023,13303,2023,NY0324100,NY0324100,,N,N,,I,NEW HARTFORD TOWN & VILL,NEW HARTFORD TOWN PD NEW HARTFORD,New Hartford Town and Village,,A,38,New York,NY,NY,2,Middle Atlantic,1,Northeast,Region I,City,20657,23384,NYUCR0001,New York State Division of Criminal Justice Services Office of Justice Research and Performance,Y,9,5,"Cities from 10,000 thru 24,999",5,"Cities from 10,000 thru 24,999",N,9,,Y,19,1,20,2,1,3,1.0,1.1,2019-01-01,2019-01-01,2019-01-01,2020-01-01,2020-01-01,2020-01-01,N,ONEIDA,"Utica-Rome, NY",Y,Y,Y
133352023,13335,2023,NY0350100,NY0350100,,N,N,,I,MIDDLETOWN,MIDDLETOWN CITY PD MIDDLETOWN,Middletown,,A,38,New York,NY,NY,2,Middle Atlantic,1,Northeast,Region I,City,30174,23384,NYUCR0001,New York State Division of Criminal Justice Services Office of Justice Research and Performance,Y,8,4,"Cities from 25,000 thru 49,999",4,"Cities from 25,000 thru 49,999",N,8,,Y,60,1,61,11,9,20,2.4,2.7,2019-01-01,2021-01-01,2021-01-01,2021-01-01,2021-01-01,2021-01-01,N,ORANGE,"Kiryas Joel-Poughkeepsie-Newburgh, NY",Y,Y,Y
133382023,13338,2023,NY0352100,NY0352100,,N,N,,I,CHESTER VILLAGE,CHESTER VILLAGE PD CHESTER,Chester Village,,A,38,New York,NY,NY,2,Middle Atlantic,1,Northeast,Region I,City,3990,23384,NYUCR0001,New York State Division of Criminal Justice Services Office of Justice Research and Performance,Y,10,6,"Cities from 2,500 thru 9,999",6,"Cities from 2,500 thru 9,999",N,10,,Y,13,0,13,3,1,4,4.0,4.3,2019-01-01,2021-09-01,2021-09-01,2021-09-01,2021-09-01,2021-09-01,N,ORANGE,"Kiryas Joel-Poughkeepsie-Newburgh, NY",Y,Y,Y
133442023,13344,2023,NY0352800,NY0352800,,N,N,,I,WALDEN VILLAGE,WALDEN VILLAGE PD WALDEN,Walden Village,,A,38,New York,NY,NY,2,Middle Atlantic,1,Northeast,Region I,City,6750,23384,NYUCR0001,New York State Division of Criminal Justice Services Office of Justice Research and Performance,Y,10,6,"Cities from 2,500 thru 9,999",6,"Cities from 2,500 thru 9,999",N,10,,Y,8,1,9,1,2,3,1.3,1.8,2019-01-01,2021-01-01,2021-01-01,2021-01-01,2021-01-01,2021-01-01,N,ORANGE,"Kiryas Joel-Poughkeepsie-Newburgh, NY",Y,Y,Y
133462023,13346,2023,NY0353200,NY0353200,,N,N,,I,MAYBROOK VILLAGE,MAYBROOK VILLAGE PD MAYBROOK,Maybrook Village,,A,38,New York,NY,NY,2,Middle Atlantic,1,Northeast,Region I,City,3130,23384,NYUCR0001,New York State Division of Criminal Justice Services Office of Justice Research and Performance,Y,10,6,"Cities from 2,500 thru 9,999",6,"Cities from 2,500 thru 9,999",N,10,,Y,5,0,5,0,0,0,1.6,1.6,2019-01-01,2021-01-01,2021-01-01,2021-01-01,2021-01-01,2021-01-01,N,ORANGE,"Kiryas Joel-Poughkeepsie-Newburgh, NY",Y,Y,Y
133472023,13347,2023,NY0353300,NY0353300,,N,N,,I,GREENWOOD LAKE VILLAGE,GREENWOOD LAKE VILLAGE PD GREENWOOD LAKE,Greenwood Lake Village,,A,38,New York,NY,NY,2,Middle Atlantic,1,Northeast,Region I,City,2978,23384,NYUCR0001,New York State Division of Criminal Justice Services Office of Justice Research and Performance,Y,10,6,"Cities from 2,500 thru 9,999",6,"Cities from 2,500 thru 9,999",N,10,,Y,3,0,3,1,2,3,1.3,2.0,2019-01-01,2021-09-01,2021-09-01,2021-09-01,2021-09-01,2021-09-01,N,ORANGE,"Kiryas Joel-Poughkeepsie-Newburgh, NY",Y,Y,Y
133492023,13349,2023,NY0353500,NY0353500,,N,N,,I,PORT JERVIS,PORT JERVIS CITY PD PORT JERVIS,Port Jervis,,A,38,New York,NY,NY,2,Middle Atlantic,1,Northeast,Region I,City,8569,23384,NYUCR0001,New York State Division of Criminal Justice Services Office of Justice Research and Performance,Y,10,6,"Cities from 2,500 thru 9,999",6,"Cities from 2,500 thru 9,999",N,10,,Y,29,0,29,3,1,4,3.7,3.9,2019-01-01,2021-01-01,2021-01-01,2021-01-01,2021-01-01,2021-01-01,N,ORANGE,"Kiryas Joel-Poughkeepsie-Newburgh, NY",Y,Y,Y
133602023,13360,2023,NY0357100,NY0357100,,N,N,,I,DEERPARK TOWN,DEERPARK TOWN PD HUGUENOT,Deerpark Town,,A,38,New York,NY,NY,2,Middle Atlantic,1,Northeast,Region I,City,7380,23384,NYUCR0001,New York State Division of Criminal Justice Services Office of Justice Research and Performance,Y,10,6,"Cities from 2,500 thru 9,999",6,"Cities from 2,500 thru 9,999",N,10,,Y,3,0,3,2,0,2,0.7,0.7,2019-01-01,2021-01-01,2021-01-01,2021-01-01,2021-01-01,2021-01-01,N,ORANGE,"Kiryas Joel-Poughkeepsie-Newburgh, NY",Y,Y,Y
133652023,13365,2023,NY0357700,NY0357700,,N,N,,I,CHESTER TOWN,CHESTER TOWN PD CHESTER,Chester Town,,A,38,New York,NY,NY,2,Middle Atlantic,1,Northeast,Region I,City,8562,23384,NYUCR0001,New York State Division of Criminal Justice Services Office of Justice Research and Performance,Y,10,6,"Cities from 2,500 thru 9,999",6,"Cities from 2,500 thru 9,999",N,10,,Y,13,0,13,3,0,3,1.9,1.9,2019-01-01,2023-09-01,2023-09-01,2023-09-01,2023-09-01,2023-09-01,N,ORANGE,"Kiryas Joel-Poughkeepsie-Newburgh, NY",Y,Y,Y
133672023,13367,2023,NY0358100,NY0358100,,N,N,,I,GOSHEN TOWN,TOWN OF GOSHEN POLICE DEPARTMENT GOSHEN,Goshen Town,,A,38,New York,NY,NY,2,Middle Atlantic,1,Northeast,Region I,City,8701,23384,NYUCR0001,New York State Division of Criminal Justice Services Office of Justice Research and Performance,Y,10,6,"Cities from 2,500 thru 9,999",6,"Cities from 2,500 thru 9,999",N,10,,Y,9,0,9,0,0,0,1.0,1.0,2019-01-01,2020-11-01,2020-12-01,2020-12-01,2020-12-01,2020-12-01,N,ORANGE,"Kiryas Joel-Poughkeepsie-Newburgh, NY",Y,Y,Y
133742023,13374,2023,NY0370000,NY0370000,,N,N,,I,OSWEGO,OSWEGO CO SHERIFF'S DEPARTMENT OSWEGO,Oswego,,A,38,New York,NY,NY,2,Middle Atlantic,1,Northeast,Region I,County,84373,23384,NYUCR0001,New York State Division of Criminal Justice Services Office of Justice Research and Performance,Y,20,9B,"MSA counties from 25,000 thru 99,999",9,MSA Counties,N,20,,Y,65,2,67,9,7,16,0.9,1.0,2019-01-01,2021-01-01,2021-01-01,2021-01-01,2021-01-01,2021-01-01,N,OSWEGO,"Syracuse, NY",Y,Y,Y
133752023,13375,2023,NY0370100,NY0370100,,N,N,,I,FULTON CITY,FULTON CITY PD FULTON,Fulton City,,A,38,New York,NY,NY,2,Middle Atlantic,1,Northeast,Region I,City,11291,23384,NYUCR0001,New York State Division of Criminal Justice Services Office of Justice Research and Performance,Y,9,5,"Cities from 10,000 thru 24,999",5,"Cities from 10,000 thru 24,999",N,9,,Y,24,0,24,4,0,4,2.5,2.5,2019-01-01,2021-01-01,2021-01-01,2021-01-01,2021-01-01,2021-01-01,N,OSWEGO,"Syracuse, NY",Y,Y,Y
133762023,13376,2023,NY0370200,NY0370200,,N,N,,I,OSWEGO CITY,OSWEGO CITY PD OSWEGO,Oswego City,,A,38,New York,NY,NY,2,Middle Atlantic,1,Northeast,Region I,City,17263,23384,NYUCR0001,New York State Division of Criminal Justice Services Office of Justice Research and Performance,Y,9,5,"Cities from 10,000 thru 24,999",5,"Cities from 10,000 thru 24,999",N,9,,Y,41,2,43,8,5,13,2.8,3.2,2019-01-01,2021-01-01,2021-01-01,2021-01-01,2021-01-01,2021-01-01,N,OSWEGO,"Syracuse, NY",Y,Y,Y
133842023,13384,2023,NY0380000,NY0380000,,N,N,,I,OTSEGO,OTSEGO CO SHERIFF'S DEPARTMENT COOPERSTOWN,Otsego,,A,38,New York,NY,NY,2,Middle Atlantic,1,Northeast,Region I,County,43305,23384,NYUCR0001,New York State Division of Criminal Justice Services Office of Justice Research and Performance,N,14,8B,"Non-MSA counties from 25,000 thru 99,999",8,Non-MSA Counties,N,14,,Y,17,0,17,6,0,6,0.5,0.5,2019-01-01,2022-01-01,2022-01-01,2022-01-01,2022-01-01,2022-01-01,N,OTSEGO,Not Specified,Y,Y,Y
133852023,13385,2023,NY0380100,NY0380100,,N,N,,I,ONEONTA CITY,ONEONTA CITY PD ONEONTA,Oneonta City,,A,38,New York,NY,NY,2,Middle Atlantic,1,Northeast,Region I,City,16981,23384,NYUCR0001,New York State Division of Criminal Justice Services Office of Justice Research and Performance,N,9,5,"Cities from 10,000 thru 24,999",5,"Cities from 10,000 thru 24,999",N,9,,Y,17,3,20,3,3,6,1.2,1.5,2019-01-01,2020-09-01,2020-09-01,2020-09-01,2020-09-01,2020-09-01,N,OTSEGO,Not Specified,Y,Y,Y
133962023,13396,2023,NY0395000,NY0395000,,N,N,,I,CARMEL TOWN,CARMEL TOWN PD CARMEL,Carmel Town,,A,38,New York,NY,NY,2,Middle Atlantic,1,Northeast,Region I,City,33876,23384,NYUCR0001,New York State Division of Criminal Justice Services Office of Justice Research and Performance,Y,8,4,"Cities from 25,000 thru 49,999",4,"Cities from 25,000 thru 49,999",N,8,,Y,27,2,29,4,5,9,0.9,1.1,2019-01-01,2020-01-01,2021-02-01,2021-02-01,2021-02-01,2021-02-01,N,PUTNAM,"New York-Newark-Jersey City, NY-NJ",Y,Y,Y
134192023,13419,2023,NY0430000,NY0430000,,N,N,,I,ROCKLAND,ROCKLAND CO SHERIFF'S DEPT,Rockland,,A,38,New York,NY,NY,2,Middle Atlantic,1,Northeast,Region I,County,13892,23384,NYUCR0001,New York State Division of Criminal Justice Services Office of Justice Research and Performance,Y,21,9C,"MSA counties from 10,000 thru 24,999",9,MSA Counties,N,21,,Y,80,47,127,4,37,41,6.0,12.1,2019-01-01,2021-01-01,2021-01-01,2021-01-01,2021-01-01,2021-01-01,N,ROCKLAND,"New York-Newark-Jersey City, NY-NJ",Y,Y,Y
134252023,13425,2023,NY0432500,NY0432500,,N,N,,I,PIERMONT VILLAGE,PIERMONT VILLAGE PD PIERMONT,Piermont Village,,A,38,New York,NY,NY,2,Middle Atlantic,1,Northeast,Region I,City,2764,23384,NYUCR0001,New York State Division of Criminal Justice Services Office of Justice Research and Performance,Y,10,6,"Cities from 2,500 thru 9,999",6,"Cities from 2,500 thru 9,999",N,10,,Y,7,0,7,1,0,1,2.9,2.9,2019-01-01,2020-01-01,2020-01-01,2020-01-01,2020-01-01,2020-01-01,N,ROCKLAND,"New York-Newark-Jersey City, NY-NJ",Y,Y,Y
134272023,13427,2023,NY0432800,NY0432800,,N,N,,I,SPRING VALLEY VILLAGE,SPRING VALLEY VILLAGE PD SPRING VALLEY,Spring Valley Village,,A,38,New York,NY,NY,2,Middle Atlantic,1,Northeast,Region I,City,32846,23384,NYUCR0001,New York State Division of Criminal Justice Services Office of Justice Research and Performance,Y,8,4,"Cities from 25,000 thru 49,999",4,"Cities from 25,000 thru 49,999",N,8,,Y,54,3,57,6,3,9,1.8,2.0,2019-01-01,2019-05-01,2019-05-01,2020-01-01,2020-01-01,2020-01-01,N,ROCKLAND,"New York-Newark-Jersey City, NY-NJ",Y,Y,Y
134282023,13428,2023,NY0432900,NY0432900,,N,N,,I,SUFFERN VILLAGE,SUFFERN VILLAGE PD SUFFERN,Suffern Village,,A,38,New York,NY,NY,2,Middle Atlantic,1,Northeast,Region I,City,11301,23384,NYUCR0001,New York State Division of Criminal Justice Services Office of Justice Research and Performance,Y,9,5,"Cities from 10,000 thru 24,999",5,"Cities from 10,000 thru 24,999",N,9,,Y,21,2,23,1,2,3,1.9,2.3,2019-01-01,2022-05-01,2022-05-01,2022-05-01,2022-05-01,2022-05-01,N,ROCKLAND,"New York-Newark-Jersey City, NY-NJ",Y,Y,Y
134302023,13430,2023,NY0435000,NY0435000,,N,N,,I,CLARKSTOWN TOWN,CLARKSTOWN TOWN PD NEW CITY,Clarkstown Town,,A,38,New York,NY,NY,2,Middle Atlantic,1,Northeast,Region I,City,79995,23384,NYUCR0001,New York State Division of Criminal Justice Services Office of Justice Research and Performance,N,7,3,"Cities from 50,000 thru 99,999",3,"Cities from 50,000 thru 99,999",N,7,,Y,144,12,156,14,12,26,2.0,2.3,2019-01-01,2019-11-01,2019-11-01,2020-01-01,2020-01-01,2020-01-01,N,ROCKLAND,"New York-Newark-Jersey City, NY-NJ",Y,Y,Y
134312023,13431,2023,NY0435100,NY0435100,,N,N,,I,HAVERSTRAW TOWN,HAVERSTRAW TOWN PD MOUNT IVY,Haverstraw Town,,A,38,New York,NY,NY,2,Middle Atlantic,1,Northeast,Region I,City,38659,23384,NYUCR0001,New York State Division of Criminal Justice Services Office of Justice Research and Performance,Y,8,4,"Cities from 25,000 thru 49,999",4,"Cities from 25,000 thru 49,999",N,8,,Y,64,2,66,4,4,8,1.8,1.9,2019-01-01,2022-07-01,2022-07-01,2022-07-01,2022-07-01,2022-07-01,N,ROCKLAND,"New York-Newark-Jersey City, NY-NJ",Y,Y,Y
134322023,13432,2023,NY0435200,NY0435200,,N,N,,I,ORANGETOWN TOWN,ORANGETOWN TOWN PD ORANGEBURG,Orangetown Town,,A,38,New York,NY,NY,2,Middle Atlantic,1,Northeast,Region I,City,38925,23384,NYUCR0001,New York State Division of Criminal Justice Services Office of Justice Research and Performance,Y,8,4,"Cities from 25,000 thru 49,999",4,"Cities from 25,000 thru 49,999",N,8,,Y,87,1,88,6,6,12,2.4,2.6,2019-01-01,2019-01-01,2019-01-01,2020-01-01,2020-01-01,2020-01-01,N,ROCKLAND,"New York-Newark-Jersey City, NY-NJ",Y,Y,Y
134332023,13433,2023,NY0435300,NY0435300,,N,N,,I,RAMAPO TOWN,RAMAPO TOWN PD SUFFERN,Ramapo Town,,A,38,New York,NY,NY,2,Middle Atlantic,1,Northeast,Region I,City,108558,23384,NYUCR0001,New York State Division of Criminal Justice Services Office of Justice Research and Performance,N,6,2,"Cities from 100,000 thru 249,999",2,"Cities from 100,000 thru 249,999",Y,6,,Y,97,8,105,14,9,23,1.0,1.2,2019-01-01,2021-08-01,2021-08-01,2021-08-01,2021-08-01,2021-08-01,N,ROCKLAND,"New York-Newark-Jersey City, NY-NJ",Y,Y,Y
134342023,13434,2023,NY0435400,NY0435400,,N,N,,I,STONY POINT TOWN,STONY POINT TOWN PD STONY POINT,Stony Point Town,,A,38,New York,NY,NY,2,Middle Atlantic,1,Northeast,Region I,City,14656,23384,NYUCR0001,New York State Division of Criminal Justice Services Office of Justice Research and Performance,Y,9,5,"Cities from 10,000 thru 24,999",5,"Cities from 10,000 thru 24,999",N,9,,Y,26,0,26,1,1,2,1.8,1.9,2019-01-01,2020-01-01,2020-01-01,2020-01-01,2020-01-01,2020-01-01,N,ROCKLAND,"New York-Newark-Jersey City, NY-NJ",Y,Y,Y
134372023,13437,2023,NY0440000,NY0440000,,N,N,,I,ST. LAWRENCE,ST LAWRENCE CO SHERIFF'S DEPARTMENT CANTON,St. Lawrence,,A,38,New York,NY,NY,2,Middle Atlantic,1,Northeast,Region I,County,63542,23384,NYUCR0001,New York State Division of Criminal Justice Services Office of Justice Research and Performance,N,14,8B,"Non-MSA counties from 25,000 thru 99,999",8,Non-MSA Counties,N,14,,Y,37,1,38,1,4,5,0.6,0.7,2019-01-01,2020-01-01,2020-01-01,2020-01-01,2020-01-01,2020-01-01,N,ST LAWRENCE,Not Specified,Y,Y,Y
134382023,13438,2023,NY0440100,NY0440100,,N,N,,I,OGDENSBURG,OGDENSBURG CITY PD OGDENSBURG,Ogdensburg,,A,38,New York,NY,NY,2,Middle Atlantic,1,Northeast,Region I,City,8980,23384,NYUCR0001,New York State Division of Criminal Justice Services Office of Justice Research and Performance,N,10,6,"Cities from 2,500 thru 9,999",6,"Cities from 2,500 thru 9,999",N,10,,Y,15,1,16,4,1,5,2.1,2.3,2019-01-01,2020-07-01,2020-07-01,2020-07-01,2020-07-01,2020-07-01,N,ST LAWRENCE,Not Specified,Y,Y,Y
134392023,13439,2023,NY0440200,NY0440200,,N,N,,I,MASSENA VILLAGE,MASSENA VILLAGE PD MASSENA,Massena Village,,A,38,New York,NY,NY,2,Middle Atlantic,1,Northeast,Region I,City,10120,23384,NYUCR0001,New York State Division of Criminal Justice Services Office of Justice Research and Performance,N,9,5,"Cities from 10,000 thru 24,999",5,"Cities from 10,000 thru 24,999",N,9,,Y,22,1,23,0,4,4,2.2,2.7,2019-01-01,2020-12-01,2020-12-01,2020-12-01,2020-12-01,2020-12-01,N,ST LAWRENCE,Not Specified,Y,Y,Y
134402023,13440,2023,NY0442000,NY0442000,,N,N,,I,CANTON VILLAGE,CANTON VILLAGE PD CANTON,Canton Village,,A,38,New York,NY,NY,2,Middle Atlantic,1,Northeast,Region I,City,7112,23384,NYUCR0001,New York State Division of Criminal Justice Services Office of Justice Research and Performance,N,10,6,"Cities from 2,500 thru 9,999",6,"Cities from 2,500 thru 9,999",N,10,,Y,8,0,8,2,1,3,1.4,1.5,2019-01-01,2020-07-01,2020-07-01,2020-07-01,2020-07-01,2020-07-01,N,ST LAWRENCE,Not Specified,Y,Y,Y
134412023,13441,2023,NY0442300,NY0442300,,N,N,,I,GOUVERNEUR VILLAGE,GOUVERNEUR VILLAGE PD GOUVERNEUR,Gouverneur Village,,A,38,New York,NY,NY,2,Middle Atlantic,1,Northeast,Region I,City,3660,23384,NYUCR0001,New York State Division of Criminal Justice Services Office of Justice Research and Performance,N,10,6,"Cities from 2,500 thru 9,999",6,"Cities from 2,500 thru 9,999",N,10,,Y,5,1,6,0,2,2,1.4,2.2,2019-01-01,2020-10-01,2020-10-01,2020-10-01,2020-10-01,2020-10-01,N,ST LAWRENCE,Not Specified,Y,Y,Y
134432023,13443,2023,NY0442900,NY0442900,,N,N,,I,POTSDAM VILLAGE,POTSDAM VILLAGE PD POTSDAM,Potsdam Village,,A,38,New York,NY,NY,2,Middle Atlantic,1,Northeast,Region I,City,8602,23384,NYUCR0001,New York State Division of Criminal Justice Services Office of Justice Research and Performance,N,10,6,"Cities from 2,500 thru 9,999",6,"Cities from 2,500 thru 9,999",N,10,,Y,12,1,13,1,3,4,1.5,2.0,2019-01-01,2019-11-01,2019-11-01,2020-01-01,2020-01-01,2020-01-01,N,ST LAWRENCE,Not Specified,Y,Y,Y
134462023,13446,2023,NY0450000,NY0450000,,N,N,,I,SARATOGA,SARATOGA CO SHERIFF'S DEPARTMENT BALLSTON SPA,Saratoga,,A,38,New York,NY,NY,2,Middle Atlantic,1,Northeast,Region I,County,183036,23384,NYUCR0001,New York State Division of Criminal Justice Services Office of Justice Research and Performance,Y,19,9A,"MSA counties 100,000 or over",9,MSA Counties,Y,19,,Y,119,1,120,12,13,25,0.7,0.8,2019-01-01,2019-05-01,2019-05-01,2019-05-01,2019-05-01,2019-05-01,N,SARATOGA,"Albany-Schenectady-Troy, NY",Y,Y,Y
134602023,13460,2023,NY0460100,NY0460100,,N,N,,I,SCHENECTADY,SCHENECTADY CITY PD SCHENECTADY,Schenectady,,A,38,New York,NY,NY,2,Middle Atlantic,1,Northeast,Region I,City,69035,23384,NYUCR0001,New York State Division of Criminal Justice Services Office of Justice Research and Performance,N,7,3,"Cities from 50,000 thru 99,999",3,"Cities from 50,000 thru 99,999",N,7,,Y,145,8,153,9,19,28,2.2,2.6,2019-01-01,2021-01-01,2021-01-01,2021-01-01,2021-01-01,2021-01-01,N,SCHENECTADY,"Albany-Schenectady-Troy, NY",Y,Y,Y
134642023,13464,2023,NY0465400,NY0465400,,N,N,,I,ROTTERDAM TOWN,ROTTERDAM TOWN PD SCHENECTADY,Rotterdam Town,,A,38,New York,NY,NY,2,Middle Atlantic,1,Northeast,Region I,City,30350,23384,NYUCR0001,New York State Division of Criminal Justice Services Office of Justice Research and Performance,Y,8,4,"Cities from 25,000 thru 49,999",4,"Cities from 25,000 thru 49,999",N,8,,Y,38,0,38,4,2,6,1.4,1.4,2019-01-01,2022-01-01,2022-01-01,2022-01-01,2022-01-01,2022-01-01,N,SCHENECTADY,"Albany-Schenectady-Troy, NY",Y,Y,Y
134652023,13465,2023,NY0470000,NY0470000,,N,N,,I,SCHOHARIE,SCHOHARIE CO SHERIFF'S DEPARTMENT SCHOHARIE,Schoharie,,A,38,New York,NY,NY,2,Middle Atlantic,1,Northeast,Region I,County,24918,23384,NYUCR0001,New York State Division of Criminal Justice Services Office of Justice Research and Performance,Y,21,9C,"MSA counties from 10,000 thru 24,999",9,MSA Counties,N,21,,Y,20,3,23,4,13,17,1.0,1.6,2019-01-01,2022-01-01,2022-01-01,2022-01-01,2022-01-01,2022-01-01,N,SCHOHARIE,"Albany-Schenectady-Troy, NY",Y,Y,Y
134712023,13471,2023,NY0480000,NY0480000,,N,N,,I,SCHUYLER,SCHUYLER CO SHERIFF'S DEPARTMENT WATKINS GLEN,Schuyler,,A,38,New York,NY,NY,2,Middle Atlantic,1,Northeast,Region I,County,15850,23384,NYUCR0001,New York State Division of Criminal Justice Services Office of Justice Research and Performance,N,15,8C,"Non-MSA counties from 10,000 thru 24,999",8,Non-MSA Counties,N,15,,Y,16,0,16,1,2,3,1.1,1.2,2019-01-01,2021-11-01,2021-11-01,2021-11-01,2021-11-01,2021-11-01,N,SCHUYLER,Not Specified,Y,Y,Y
134732023,13473,2023,NY0490000,NY0490000,,N,N,,I,SENECA,SENECA CO SHERIFF'S DEPARTMENT WATERLOO,Seneca,,A,38,New York,NY,NY,2,Middle Atlantic,1,Northeast,Region I,County,18375,23384,NYUCR0001,New York State Division of Criminal Justice Services Office of Justice Research and Performance,N,15,8C,"Non-MSA counties from 10,000 thru 24,999",8,Non-MSA Counties,N,15,,Y,27,0,27,3,1,4,1.6,1.7,2019-01-01,2020-09-01,2020-09-01,2020-09-01,2020-09-01,2020-09-01,N,SENECA,Not Specified,Y,Y,Y
134752023,13475,2023,NY0492100,NY0492100,,N,N,,I,WATERLOO VILLAGE,WATERLOO VILLAGE PD WATERLOO,Waterloo Village,,A,38,New York,NY,NY,2,Middle Atlantic,1,Northeast,Region I,City,4723,23384,NYUCR0001,New York State Division of Criminal Justice Services Office of Justice Research and Performance,N,10,6,"Cities from 2,500 thru 9,999",6,"Cities from 2,500 thru 9,999",N,10,,Y,5,0,5,0,1,1,1.1,1.3,2019-01-01,2020-06-01,2020-06-01,2020-06-01,2020-06-01,2020-06-01,N,SENECA,Not Specified,Y,Y,Y
134782023,13478,2023,NY0500000,NY0500000,,N,N,,I,STEUBEN,STEUBEN CO SHERIFF'S DEPARTMENT BATH,Steuben,,A,38,New York,NY,NY,2,Middle Atlantic,1,Northeast,Region I,County,57680,23384,NYUCR0001,New York State Division of Criminal Justice Services Office of Justice Research and Performance,N,14,8B,"Non-MSA counties from 25,000 thru 99,999",8,Non-MSA Counties,N,14,,Y,36,2,38,3,7,10,0.7,0.8,2019-01-01,2021-09-01,2021-09-01,2021-09-01,2021-09-01,2021-09-01,N,STEUBEN,Not Specified,Y,Y,Y
134832023,13483,2023,NY0502200,NY0502200,,N,N,,I,BATH VILLAGE,BATH VILLAGE PD BATH,Bath Village,,A,38,New York,NY,NY,2,Middle Atlantic,1,Northeast,Region I,City,5539,23384,NYUCR0001,New York State Division of Criminal Justice Services Office of Justice Research and Performance,N,10,6,"Cities from 2,500 thru 9,999",6,"Cities from 2,500 thru 9,999",N,10,,Y,10,0,10,1,1,2,2.0,2.2,2019-01-01,2020-10-01,2020-10-01,2020-10-01,2020-10-01,2020-10-01,N,STEUBEN,Not Specified,Y,Y,Y
135102023,13510,2023,NY0512600,NY0512600,,N,N,,I,SOUTHAMPTON VILLAGE,SOUTHAMPTON VILLAGE PD SOUTHAMPTON,Southampton Village,,A,38,New York,NY,NY,2,Middle Atlantic,1,Northeast,Region I,City,4654,23384,NYUCR0001,New York State Division of Criminal Justice Services Office of Justice Research and Performance,Y,10,6,"Cities from 2,500 thru 9,999",6,"Cities from 2,500 thru 9,999",N,10,,Y,22,9,31,4,6,10,5.6,8.8,2019-01-01,2023-03-01,2023-03-01,2023-03-01,2023-03-01,2023-03-01,N,SUFFOLK,"New York-Newark-Jersey City, NY-NJ",Y,Y,Y
135262023,13526,2023,NY0515900,NY0515900,,N,N,,I,SOUTHOLD TOWN,SOUTHOLD TOWN PD PECONIC,Southold Town,,A,38,New York,NY,NY,2,Middle Atlantic,1,Northeast,Region I,City,21425,23384,NYUCR0001,New York State Division of Criminal Justice Services Office of Justice Research and Performance,Y,9,5,"Cities from 10,000 thru 24,999",5,"Cities from 10,000 thru 24,999",N,9,,Y,47,6,53,9,11,20,2.6,3.4,2019-01-01,2019-08-01,2021-01-01,2021-01-01,2021-01-01,2021-01-01,N,SUFFOLK,"New York-Newark-Jersey City, NY-NJ",Y,Y,Y
135382023,13538,2023,NY0530000,NY0530000,,N,N,,I,TIOGA,TIOGA CO SHERIFF'S DEPARTMENT OWEGO,Tioga,,A,38,New York,NY,NY,2,Middle Atlantic,1,Northeast,Region I,County,39358,23384,NYUCR0001,New York State Division of Criminal Justice Services Office of Justice Research and Performance,Y,20,9B,"MSA counties from 25,000 thru 99,999",9,MSA Counties,N,20,,Y,32,5,37,3,11,14,0.9,1.3,2019-01-01,2022-07-01,2022-07-01,2022-07-01,2022-07-01,2022-07-01,N,TIOGA,"Binghamton, NY",Y,Y,Y
135392023,13539,2023,NY0532000,NY0532000,,N,N,,I,WAVERLY VILLAGE,WAVERLY VILLAGE PD WAVERLY,Waverly Village,,A,38,New York,NY,NY,2,Middle Atlantic,1,Northeast,Region I,City,4278,23384,NYUCR0001,New York State Division of Criminal Justice Services Office of Justice Research and Performance,Y,10,6,"Cities from 2,500 thru 9,999",6,"Cities from 2,500 thru 9,999",N,10,,Y,9,0,9,0,1,1,2.1,2.3,2019-01-01,2022-05-01,2022-05-01,2022-05-01,2022-05-01,2022-05-01,N,TIOGA,"Binghamton, NY",Y,Y,Y
135432023,13543,2023,NY0532400,NY0532400,,N,N,,I,OWEGO VILLAGE,OWEGO VILLAGE PD OWEGO,Owego Village,,A,38,New York,NY,NY,2,Middle Atlantic,1,Northeast,Region I,City,4094,23384,NYUCR0001,New York State Division of Criminal Justice Services Office of Justice Research and Performance,Y,10,6,"Cities from 2,500 thru 9,999",6,"Cities from 2,500 thru 9,999",N,10,,Y,5,0,5,0,1,1,1.2,1.5,2019-01-01,2022-06-01,2022-06-01,2022-06-01,2022-06-01,2022-06-01,N,TIOGA,"Binghamton, NY",Y,Y,Y
135452023,13545,2023,NY0540000,NY0540000,,N,N,,I,TOMPKINS,TOMPKINS CO SHERIFFS DEPARTMENT ITHACA,Tompkins,,A,38,New York,NY,NY,2,Middle Atlantic,1,Northeast,Region I,County,64069,23384,NYUCR0001,New York State Division of Criminal Justice Services Office of Justice Research and Performance,Y,20,9B,"MSA counties from 25,000 thru 99,999",9,MSA Counties,N,20,,Y,38,1,39,8,4,12,0.7,0.8,2019-01-01,2023-04-01,2023-04-01,2023-04-01,2023-04-01,2023-04-01,N,TOMPKINS,"Ithaca, NY",Y,Y,Y
135462023,13546,2023,NY0540100,NY0540100,,N,N,,I,ITHACA,ITHACA CITY PD ITHACA,Ithaca,,A,38,New York,NY,NY,2,Middle Atlantic,1,Northeast,Region I,City,34332,23384,NYUCR0001,New York State Division of Criminal Justice Services Office of Justice Research and Performance,N,8,4,"Cities from 25,000 thru 49,999",4,"Cities from 25,000 thru 49,999",N,8,,Y,41,0,41,8,7,15,1.4,1.6,2019-01-01,2023-04-01,2023-04-01,2023-04-01,2023-04-01,2023-04-01,N,TOMPKINS,"Ithaca, NY",Y,Y,Y
135472023,13547,2023,NY0542000,NY0542000,,N,N,,I,DRYDEN VILLAGE,DRYDEN VILLAGE PD DRYDEN,Dryden Village,,A,38,New York,NY,NY,2,Middle Atlantic,1,Northeast,Region I,City,1858,23384,NYUCR0001,New York State Division of Criminal Justice Services Office of Justice Research and Performance,Y,11,7,"Cities under 2,500",7,"Cities under 2,500",N,11,,Y,4,0,4,0,0,0,2.2,2.2,2019-01-01,2023-04-01,2023-04-01,2023-04-01,2023-04-01,2023-04-01,N,TOMPKINS,"Ithaca, NY",Y,Y,Y
135492023,13549,2023,NY0542200,NY0542200,,N,N,,I,GROTON VILLAGE,GROTON VILLAGE PD GROTON,Groton Village,,A,38,New York,NY,NY,2,Middle Atlantic,1,Northeast,Region I,City,2124,23384,NYUCR0001,New York State Division of Criminal Justice Services Office of Justice Research and Performance,Y,11,7,"Cities under 2,500",7,"Cities under 2,500",N,11,,Y,0,0,0,2,0,2,0.9,0.9,2019-01-01,2023-06-01,2023-06-01,2023-06-01,2023-06-01,2023-06-01,N,TOMPKINS,"Ithaca, NY",Y,Y,Y
135502023,13550,2023,NY0542400,NY0542400,,N,N,,I,TRUMANSBURG VILLAGE,TRUMANSBURG VILLAGE PD TRUMANSBURG,Trumansburg Village,,A,38,New York,NY,NY,2,Middle Atlantic,1,Northeast,Region I,City,1682,23384,NYUCR0001,New York State Division of Criminal Justice Services Office of Justice Research and Performance,Y,11,7,"Cities under 2,500",7,"Cities under 2,500",N,11,,Y,1,0,1,1,0,1,1.2,1.2,2019-01-01,2023-05-01,2023-05-01,2023-05-01,2023-05-01,2023-05-01,N,TOMPKINS,"Ithaca, NY",Y,Y,Y
135512023,13551,2023,NY0542500,NY0542500,,N,N,,I,CAYUGA HEIGHTS VILLAGE,CAYUGA HEIGHTS VILLAGE PD CAYUGA HEIGHTS,Cayuga Heights Village,,A,38,New York,NY,NY,2,Middle Atlantic,1,Northeast,Region I,City,3928,23384,NYUCR0001,New York State Division of Criminal Justice Services Office of Justice Research and Performance,Y,10,6,"Cities from 2,500 thru 9,999",6,"Cities from 2,500 thru 9,999",N,10,,Y,6,0,6,1,1,2,1.8,2.0,2019-01-01,2023-05-01,2023-05-01,2023-05-01,2023-05-01,2023-05-01,N,TOMPKINS,"Ithaca, NY",Y,Y,Y
135532023,13553,2023,NY0550000,NY0550000,,N,N,,I,ULSTER,ULSTER CO SHERIFF'S DEPARTMENT KINGSTON,Ulster,,A,38,New York,NY,NY,2,Middle Atlantic,1,Northeast,Region I,County,45128,23384,NYUCR0001,New York State Division of Criminal Justice Services Office of Justice Research and Performance,Y,20,9B,"MSA counties from 25,000 thru 99,999",9,MSA Counties,N,20,,Y,59,16,75,5,18,23,1.4,2.2,2019-01-01,2021-01-01,2021-01-01,2021-01-01,2021-01-01,2021-01-01,N,ULSTER,"Kingston, NY",Y,Y,Y
135562023,13556,2023,NY0550300,NY0550300,,N,N,,I,ULSTER REG GNG ENF NRC T,ULSTER REG GNG ENF NARC T,Ulster Regional Gang Enforcement Narcotics Team,,A,38,New York,NY,NY,2,Middle Atlantic,1,Northeast,Region I,Other,0,23384,NYUCR0001,New York State Division of Criminal Justice Services Office of Justice Research and Performance,Y,11,7,"Cities under 2,500",7,"Cities under 2,500",N,11,,N,,,,,,,0,0,2019-01-01,2021-01-01,2021-01-01,2021-01-01,2021-01-01,2021-01-01,N,ULSTER,"Kingston, NY",Y,Y,Y
135602023,13560,2023,NY0552700,NY0552700,,N,N,,I,NEW PALTZ TOWN & VILLAGE,NEW PALTZ TOWN PD NEW PALTZ,New Paltz Town and Village,,A,38,New York,NY,NY,2,Middle Atlantic,1,Northeast,Region I,City,15853,23384,NYUCR0001,New York State Division of Criminal Justice Services Office of Justice Research and Performance,Y,9,5,"Cities from 10,000 thru 24,999",5,"Cities from 10,000 thru 24,999",N,9,,Y,20,1,21,5,2,7,1.6,1.8,2019-01-01,2021-01-01,2021-01-01,2021-01-01,2021-01-01,2021-01-01,N,ULSTER,"Kingston, NY",Y,Y,Y
135612023,13561,2023,NY0555600,NY0555600,,N,N,,I,LLOYD TOWN,LLOYD TOWN PD HIGHLAND,Lloyd Town,,A,38,New York,NY,NY,2,Middle Atlantic,1,Northeast,Region I,City,11145,23384,NYUCR0001,New York State Division of Criminal Justice Services Office of Justice Research and Performance,Y,9,5,"Cities from 10,000 thru 24,999",5,"Cities from 10,000 thru 24,999",N,9,,Y,13,1,14,1,0,1,1.3,1.3,2019-01-01,2020-09-01,2020-09-01,2020-10-01,2020-10-01,2020-10-01,N,ULSTER,"Kingston, NY",Y,Y,Y
135622023,13562,2023,NY0555800,NY0555800,,N,N,,I,MARLBOROUGH TOWN,MARLBOROUGH TOWN PD MILTON,Marlborough Town,,A,38,New York,NY,NY,2,Middle Atlantic,1,Northeast,Region I,City,8841,23384,NYUCR0001,New York State Division of Criminal Justice Services Office of Justice Research and Performance,Y,10,6,"Cities from 2,500 thru 9,999",6,"Cities from 2,500 thru 9,999",N,10,,Y,8,0,8,0,3,3,0.9,1.2,2019-01-01,2021-08-01,2021-08-01,2021-08-01,2021-08-01,2021-08-01,N,ULSTER,"Kingston, NY",Y,Y,Y
135642023,13564,2023,NY0556100,NY0556100,,N,N,,I,PLATTEKILL TOWN,PLATTEKILL TOWN PD MODENA,Plattekill Town,,A,38,New York,NY,NY,2,Middle Atlantic,1,Northeast,Region I,City,10404,23384,NYUCR0001,New York State Division of Criminal Justice Services Office of Justice Research and Performance,Y,9,5,"Cities from 10,000 thru 24,999",5,"Cities from 10,000 thru 24,999",N,9,,N,0,0,0,0,0,0,0.0,0.0,2019-01-01,2020-08-01,2020-08-01,2020-08-01,2020-08-01,2020-08-01,N,ULSTER,"Kingston, NY",Y,Y,Y
135652023,13565,2023,NY0556600,NY0556600,,N,N,,I,WOODSTOCK TOWN,WOODSTOCK TOWN PD WOODSTOCK,Woodstock Town,,A,38,New York,NY,NY,2,Middle Atlantic,1,Northeast,Region I,City,6253,23384,NYUCR0001,New York State Division of Criminal Justice Services Office of Justice Research and Performance,Y,10,6,"Cities from 2,500 thru 9,999",6,"Cities from 2,500 thru 9,999",N,10,,Y,9,0,9,1,0,1,1.6,1.6,2019-01-01,2021-01-01,2021-01-01,2021-01-01,2021-01-01,2021-01-01,N,ULSTER,"Kingston, NY",Y,Y,Y
135662023,13566,2023,NY0558000,NY0558000,,N,N,,I,SAUGERTIES TOWN,SAUGERTIES TOWN PD SAUGERTIES,Saugerties Town,,A,38,New York,NY,NY,2,Middle Atlantic,1,Northeast,Region I,City,19129,23384,NYUCR0001,New York State Division of Criminal Justice Services Office of Justice Research and Performance,Y,9,5,"Cities from 10,000 thru 24,999",5,"Cities from 10,000 thru 24,999",N,9,,Y,18,1,19,3,3,6,1.1,1.3,2019-01-01,2021-01-01,2021-01-01,2021-01-01,2021-01-01,2021-01-01,N,ULSTER,"Kingston, NY",Y,Y,Y
135672023,13567,2023,NY0558100,NY0558100,,N,N,,I,SHANDAKEN TOWN,SHANDAKEN TOWN PD SHANDAKEN,Shandaken Town,,A,38,New York,NY,NY,2,Middle Atlantic,1,Northeast,Region I,City,2846,23384,NYUCR0001,New York State Division of Criminal Justice Services Office of Justice Research and Performance,Y,10,6,"Cities from 2,500 thru 9,999",6,"Cities from 2,500 thru 9,999",N,10,,Y,3,0,3,0,0,0,1.1,1.1,2019-01-01,2020-06-01,2020-06-01,2020-06-01,2020-06-01,2020-06-01,N,ULSTER,"Kingston, NY",Y,Y,Y
135682023,13568,2023,NY0559100,NY0559100,,N,N,,I,ROSENDALE TOWN,ROSENDALE VILLAGE PD ROSENDALE,Rosendale Town,,A,38,New York,NY,NY,2,Middle Atlantic,1,Northeast,Region I,City,5720,23384,NYUCR0001,New York State Division of Criminal Justice Services Office of Justice Research and Performance,Y,10,6,"Cities from 2,500 thru 9,999",6,"Cities from 2,500 thru 9,999",N,10,,Y,3,0,3,0,0,0,0.5,0.5,2019-01-01,2021-01-01,2021-01-01,2021-01-01,2021-01-01,2021-01-01,N,ULSTER,"Kingston, NY",Y,Y,Y
135692023,13569,2023,NY0559500,NY0559500,,N,N,,I,ULSTER TOWN,ULSTER TOWN POLICE DEPARTMENT,Ulster Town,,A,38,New York,NY,NY,2,Middle Atlantic,1,Northeast,Region I,City,12693,23384,NYUCR0001,New York State Division of Criminal Justice Services Office of Justice Research and Performance,Y,9,5,"Cities from 10,000 thru 24,999",5,"Cities from 10,000 thru 24,999",N,9,,Y,21,0,21,2,4,6,1.8,2.1,2019-01-01,2021-01-01,2021-01-01,2021-01-01,2021-01-01,2021-01-01,N,ULSTER,"Kingston, NY",Y,Y,Y
135712023,13571,2023,NY0559700,NY0559700,,N,N,,I,OLIVE TOWN,OLIVE TOWN,Olive Town,,A,38,New York,NY,NY,2,Middle Atlantic,1,Northeast,Region I,City,4258,23384,NYUCR0001,New York State Division of Criminal Justice Services Office of Justice Research and Performance,Y,10,6,"Cities from 2,500 thru 9,999",6,"Cities from 2,500 thru 9,999",N,10,,N,0,0,0,0,0,0,0.0,0.0,2019-01-01,2020-06-01,2020-06-01,2020-06-01,2020-06-01,2020-06-01,N,ULSTER,"Kingston, NY",Y,Y,Y
135732023,13573,2023,NY0559900,NY0559900,,N,N,,I,SHAWANGUNK TOWN,SHAWANGUNK TOWN PD WALLKILL,Shawangunk Town,,A,38,New York,NY,NY,2,Middle Atlantic,1,Northeast,Region I,City,13294,23384,NYUCR0001,New York State Division of Criminal Justice Services Office of Justice Research and Performance,Y,9,5,"Cities from 10,000 thru 24,999",5,"Cities from 10,000 thru 24,999",N,9,,Y,5,0,5,1,0,1,0.5,0.5,2019-01-01,2020-09-01,2020-09-01,2020-09-01,2020-09-01,2020-09-01,N,ULSTER,"Kingston, NY",Y,Y,Y
135742023,13574,2023,NY0560000,NY0560000,,N,N,,I,WARREN,WARREN CO SHERIFF'S DEPARTMENT LAKE GEORGE,Warren,,A,38,New York,NY,NY,2,Middle Atlantic,1,Northeast,Region I,County,49417,23384,NYUCR0001,New York State Division of Criminal Justice Services Office of Justice Research and Performance,Y,20,9B,"MSA counties from 25,000 thru 99,999",9,MSA Counties,N,20,,Y,72,23,95,3,14,17,1.5,2.3,2019-01-01,2021-01-01,2021-01-01,2021-01-01,2021-01-01,2021-01-01,N,WARREN,"Glens Falls, NY",Y,Y,Y
135752023,13575,2023,NY0560100,NY0560100,,N,N,,I,GLENS FALLS,GLENS FALLS CITY PD GLENS FALLS,Glens Falls,,A,38,New York,NY,NY,2,Middle Atlantic,1,Northeast,Region I,City,14514,23384,NYUCR0001,New York State Division of Criminal Justice Services Office of Justice Research and Performance,N,9,5,"Cities from 10,000 thru 24,999",5,"Cities from 10,000 thru 24,999",N,9,,Y,23,0,23,1,2,3,1.7,1.8,2019-01-01,2020-07-01,2020-07-01,2020-07-01,2020-07-01,2020-07-01,N,WARREN,"Glens Falls, NY",Y,Y,Y
135812023,13581,2023,NY0570000,NY0570000,,N,N,,I,WASHINGTON,WASHINGTON CO SHERIFF'S DEPARTMENT,Washington,,A,38,New York,NY,NY,2,Middle Atlantic,1,Northeast,Region I,County,45154,23384,NYUCR0001,New York State Division of Criminal Justice Services Office of Justice Research and Performance,Y,20,9B,"MSA counties from 25,000 thru 99,999",9,MSA Counties,N,20,,Y,54,0,54,6,7,13,1.3,1.5,2019-01-01,2022-11-01,2022-11-01,2022-11-01,2022-11-01,2022-11-01,N,WASHINGTON,"Glens Falls, NY",Y,Y,Y
136022023,13602,2023,NY0590100,NY0590100,,N,N,,I,PEEKSKILL,PEEKSKILL CITY PD PEEKSKILL,Peekskill,,A,38,New York,NY,NY,2,Middle Atlantic,1,Northeast,Region I,City,25613,23384,NYUCR0001,New York State Division of Criminal Justice Services Office of Justice Research and Performance,Y,8,4,"Cities from 25,000 thru 49,999",4,"Cities from 25,000 thru 49,999",N,8,,Y,46,5,51,9,3,12,2.1,2.5,2019-01-01,2023-03-01,2023-03-01,2023-03-01,2023-03-01,2023-03-01,N,WESTCHESTER,"New York-Newark-Jersey City, NY-NJ",Y,Y,Y
136052023,13605,2023,NY0590400,NY0590400,,N,N,,I,NEW ROCHELLE,NEW ROCHELLE CITY PD NEW ROCHELLE,New Rochelle,,A,38,New York,NY,NY,2,Middle Atlantic,1,Northeast,Region I,City,83357,23384,NYUCR0001,New York State Division of Criminal Justice Services Office of Justice Research and Performance,N,7,3,"Cities from 50,000 thru 99,999",3,"Cities from 50,000 thru 99,999",N,7,,Y,143,21,164,21,21,42,2.0,2.5,2019-01-01,2020-01-01,2020-01-01,2020-02-01,2020-02-01,2020-02-01,N,WESTCHESTER,"New York-Newark-Jersey City, NY-NJ",Y,Y,Y
136082023,13608,2023,NY0590700,NY0590700,,N,N,,I,YONKERS,YONKERS CITY PD YONKERS,Yonkers,,A,38,New York,NY,NY,2,Middle Atlantic,1,Northeast,Region I,City,206702,23384,NYUCR0001,New York State Division of Criminal Justice Services Office of Justice Research and Performance,N,6,2,"Cities from 100,000 thru 249,999",2,"Cities from 100,000 thru 249,999",Y,6,,Y,528,38,566,94,48,142,3.0,3.4,2019-01-01,2020-12-01,2021-01-01,2021-01-01,2021-01-01,2021-01-01,N,WESTCHESTER,"New York-Newark-Jersey City, NY-NJ",Y,Y,Y
136092023,13609,2023,NY0590800,NY0590800,,N,N,,I,RYE,RYE CITY PD,Rye,,A,38,New York,NY,NY,2,Middle Atlantic,1,Northeast,Region I,City,16109,23384,NYUCR0001,New York State Division of Criminal Justice Services Office of Justice Research and Performance,Y,9,5,"Cities from 10,000 thru 24,999",5,"Cities from 10,000 thru 24,999",N,9,,Y,32,4,36,3,1,4,2.2,2.5,2019-01-01,2022-12-01,2022-12-01,2022-12-01,2022-12-01,2022-12-01,N,WESTCHESTER,"New York-Newark-Jersey City, NY-NJ",Y,Y,Y
136112023,13611,2023,NY0591000,NY0591000,,N,N,,I,SCARSDALE VILLAGE,SCARSDALE VILLAGE PD SCARSDALE,Scarsdale Village,,A,38,New York,NY,NY,2,Middle Atlantic,1,Northeast,Region I,City,17643,23384,NYUCR0001,New York State Division of Criminal Justice Services Office of Justice Research and Performance,Y,9,5,"Cities from 10,000 thru 24,999",5,"Cities from 10,000 thru 24,999",N,9,,Y,36,3,39,5,2,7,2.3,2.6,2019-01-01,2021-01-01,2021-01-01,2021-01-01,2021-01-01,2021-01-01,N,WESTCHESTER,"New York-Newark-Jersey City, NY-NJ",Y,Y,Y
136212023,13621,2023,NY0592800,NY0592800,,N,N,,I,TARRYTOWN VILLAGE,TARRYTOWN VILLAGE PD TARRYTOWN,Tarrytown Village,,A,38,New York,NY,NY,2,Middle Atlantic,1,Northeast,Region I,City,11750,23384,NYUCR0001,New York State Division of Criminal Justice Services Office of Justice Research and Performance,Y,9,5,"Cities from 10,000 thru 24,999",5,"Cities from 10,000 thru 24,999",N,9,,Y,31,0,31,3,4,7,2.9,3.2,2019-01-01,2021-01-01,2021-01-01,2021-01-01,2021-01-01,2021-01-01,N,WESTCHESTER,"New York-Newark-Jersey City, NY-NJ",Y,Y,Y
136312023,13631,2023,NY0595000,NY0595000,,N,N,,I,BEDFORD TOWN,BEDFORD TOWN PD BEDFORD,Bedford Town,,A,38,New York,NY,NY,2,Middle Atlantic,1,Northeast,Region I,City,16700,23384,NYUCR0001,New York State Division of Criminal Justice Services Office of Justice Research and Performance,Y,9,5,"Cities from 10,000 thru 24,999",5,"Cities from 10,000 thru 24,999",N,9,,Y,30,2,32,6,3,9,2.2,2.5,2019-01-01,2020-12-01,2020-12-01,2020-12-01,2020-12-01,2020-12-01,N,WESTCHESTER,"New York-Newark-Jersey City, NY-NJ",Y,Y,Y
136332023,13633,2023,NY0595300,NY0595300,,N,N,,I,GREENBURGH TOWN,GREENBURGH TOWN PD WHITE PLAINS,Greenburgh Town,,A,38,New York,NY,NY,2,Middle Atlantic,1,Northeast,Region I,City,44609,23384,NYUCR0001,New York State Division of Criminal Justice Services Office of Justice Research and Performance,Y,8,4,"Cities from 25,000 thru 49,999",4,"Cities from 25,000 thru 49,999",N,8,,Y,90,20,110,18,15,33,2.4,3.2,2019-01-01,2019-04-01,2019-04-01,2020-01-01,2020-01-01,2020-01-01,N,WESTCHESTER,"New York-Newark-Jersey City, NY-NJ",Y,Y,Y
136412023,13641,2023,NY0596800,NY0596800,,N,N,,I,YORKTOWN TOWN,YORKTOWN TOWN PD YORKTOWN HEIGHTS,Yorktown Town,,A,38,New York,NY,NY,2,Middle Atlantic,1,Northeast,Region I,City,35126,23384,NYUCR0001,New York State Division of Criminal Justice Services Office of Justice Research and Performance,Y,8,4,"Cities from 25,000 thru 49,999",4,"Cities from 25,000 thru 49,999",N,8,,Y,54,3,57,4,6,10,1.7,1.9,2019-01-01,2021-01-01,2021-01-01,2021-01-01,2021-01-01,2021-01-01,N,WESTCHESTER,"New York-Newark-Jersey City, NY-NJ",Y,Y,Y
136472023,13647,2023,NY0600000,NY0600000,,N,N,,I,WYOMING,WYOMING CO SHERIFF'S DEPARTMENT WARSAW,Wyoming,,A,38,New York,NY,NY,2,Middle Atlantic,1,Northeast,Region I,County,28011,23384,NYUCR0001,New York State Division of Criminal Justice Services Office of Justice Research and Performance,N,14,8B,"Non-MSA counties from 25,000 thru 99,999",8,Non-MSA Counties,N,14,,Y,28,9,37,4,8,12,1.1,1.7,2019-01-01,2021-02-01,2021-03-01,2021-03-01,2021-03-01,2021-03-01,N,WYOMING,Not Specified,Y,Y,Y
136482023,13648,2023,NY0602000,NY0602000,,N,N,,I,ARCADE VILLAGE,ARCADE VILLAGE PD ARCADE,Arcade Village,,A,38,New York,NY,NY,2,Middle Atlantic,1,Northeast,Region I,City,1936,23384,NYUCR0001,New York State Division of Criminal Justice Services Office of Justice Research and Performance,N,11,7,"Cities under 2,500",7,"Cities under 2,500",N,11,,Y,7,0,7,0,0,0,3.6,3.6,2019-01-01,2020-10-01,2020-10-01,2020-10-01,2020-10-01,2020-10-01,N,WYOMING,Not Specified,Y,Y,Y
136532023,13653,2023,NY0610000,NY0610000,,N,N,,I,YATES,YATES CO SHERIFF'S DEPARTMENT PENN YAN,Yates,,A,38,New York,NY,NY,2,Middle Atlantic,1,Northeast,Region I,County,19394,23384,NYUCR0001,New York State Division of Criminal Justice Services Office of Justice Research and Performance,N,15,8C,"Non-MSA counties from 10,000 thru 24,999",8,Non-MSA Counties,N,15,,Y,23,6,29,4,9,13,1.4,2.2,2019-01-01,2021-02-01,2021-02-01,2021-02-01,2021-02-01,2021-02-01,N,YATES,Not Specified,Y,Y,Y
136702023,13670,2023,NY206UN00,NY206UN00,,N,N,,I,SUNY POLICE: FREDONIA,SUNY COLLEGE: FREDONIA,State University of New York Police:,Fredonia,A,38,New York,NY,NY,2,Middle Atlantic,1,Northeast,Region I,University or College,0,23384,NYUCR0001,New York State Division of Criminal Justice Services Office of Justice Research and Performance,N,11,7,"Cities under 2,500",7,"Cities under 2,500",N,11,,Y,11,2,13,1,2,3,0,0,2019-01-01,2020-07-01,2020-07-01,2020-07-01,2020-07-01,2020-07-01,N,CHAUTAUQUA,Not Specified,Y,Y,Y
136722023,13672,2023,NY211UC00,NY211UC00,,N,N,,I,SUNY POLICE: CORTLAND,SUNY COLLEGE: CORTLAND,State University of New York Police:,Cortland,A,38,New York,NY,NY,2,Middle Atlantic,1,Northeast,Region I,University or College,0,23384,NYUCR0001,New York State Division of Criminal Justice Services Office of Justice Research and Performance,N,11,7,"Cities under 2,500",7,"Cities under 2,500",N,11,,Y,11,4,15,5,2,7,0,0,2019-01-01,2022-01-01,2022-01-01,2022-01-01,2022-01-01,2022-01-01,N,CORTLAND,Not Specified,Y,Y,Y
136752023,13675,2023,NY214UB00,NY214UB00,,N,N,,I,SUNY POLICE: BUFFALO,SUNY: BUFFALO,State University of New York Police:,Buffalo,A,38,New York,NY,NY,2,Middle Atlantic,1,Northeast,Region I,University or College,0,23384,NYUCR0001,New York State Division of Criminal Justice Services Office of Justice Research and Performance,Y,11,7,"Cities under 2,500",7,"Cities under 2,500",N,11,,Y,48,7,55,9,8,17,0,0,2019-01-01,2021-06-01,2021-06-01,2021-06-01,2021-06-01,2021-06-01,N,ERIE,"Buffalo-Cheektowaga, NY",Y,Y,Y
136762023,13676,2023,NY214UC00,NY214UC00,,N,N,,I,SUNY POLICE: BUFFALO STATE COLLEGE,SUNY COLLEGE: BUFFALO,State University of New York Police:,Buffalo State College,A,38,New York,NY,NY,2,Middle Atlantic,1,Northeast,Region I,University or College,0,23384,NYUCR0001,New York State Division of Criminal Justice Services Office of Justice Research and Performance,Y,11,7,"Cities under 2,500",7,"Cities under 2,500",N,11,,Y,22,2,24,7,3,10,0,0,2019-01-01,2021-01-01,2021-01-01,2021-01-01,2021-01-01,2021-01-01,N,ERIE,"Buffalo-Cheektowaga, NY",Y,Y,Y
136782023,13678,2023,NY225UN00,NY225UN00,,N,N,,I,SUNY POLICE: GENESEO,SUNY COLLEGE: GENESEO,State University of New York Police:,Geneseo,A,38,New York,NY,NY,2,Middle Atlantic,1,Northeast,Region I,University or College,0,23384,NYUCR0001,New York State Division of Criminal Justice Services Office of Justice Research and Performance,Y,11,7,"Cities under 2,500",7,"Cities under 2,500",N,11,,Y,12,1,13,3,6,9,0,0,2019-01-01,2021-01-01,2021-01-01,2021-01-01,2021-01-01,2021-01-01,N,LIVINGSTON,"Rochester, NY",Y,Y,Y
136792023,13679,2023,NY226UN00,NY226UN00,,N,N,,I,SUNY POLICE: MORRISVILLE,SUNY A&T COL:MORRISVILLE,State University of New York Police:,Morrisville,A,38,New York,NY,NY,2,Middle Atlantic,1,Northeast,Region I,University or College,0,23384,NYUCR0001,New York State Division of Criminal Justice Services Office of Justice Research and Performance,Y,11,7,"Cities under 2,500",7,"Cities under 2,500",N,11,,Y,11,0,11,3,2,5,0,0,2019-01-01,2022-05-01,2022-06-01,2022-06-01,2022-06-01,2022-06-01,N,MADISON,"Syracuse, NY",Y,Y,Y
136802023,13680,2023,NY227UN00,NY227UN00,,N,N,,I,SUNY POLICE: BROCKPORT,SUNY COLLEGE: BROCKPORT,State University of New York Police:,Brockport,A,38,New York,NY,NY,2,Middle Atlantic,1,Northeast,Region I,University or College,0,23384,NYUCR0001,New York State Division of Criminal Justice Services Office of Justice Research and Performance,Y,11,7,"Cities under 2,500",7,"Cities under 2,500",N,11,,Y,13,1,14,2,4,6,0,0,2019-01-01,2020-10-01,2020-10-01,2020-10-01,2020-10-01,2020-10-01,N,MONROE,"Rochester, NY",Y,Y,Y
136822023,13682,2023,NY230UN00,NY230UN00,,N,N,,I,SUNY POLICE: OPTOMETRY,SUNY COLLEGE: OPTOMETRY,State University of New York Police:,Optometry,A,38,New York,NY,NY,2,Middle Atlantic,1,Northeast,Region I,University or College,0,23384,NYUCR0001,New York State Division of Criminal Justice Services Office of Justice Research and Performance,Y,11,7,"Cities under 2,500",7,"Cities under 2,500",N,11,,Y,5,6,11,2,2,4,0,0,2019-01-01,2021-01-01,2021-01-01,2021-01-01,2021-01-01,2021-01-01,N,NEW YORK,"New York-Newark-Jersey City, NY-NJ",Y,Y,Y
136832023,13683,2023,NY232UN00,NY232UN00,,N,N,,I,SUNY POLICE: POLYTECHNIC INSTITUTE,SUNY COLLEGE: UTICA-ROME,State University of New York Police:,Polytechnic Institute,A,38,New York,NY,NY,2,Middle Atlantic,1,Northeast,Region I,University or College,0,23384,NYUCR0001,New York State Division of Criminal Justice Services Office of Justice Research and Performance,Y,11,7,"Cities under 2,500",7,"Cities under 2,500",N,11,,Y,11,3,14,1,2,3,0,0,2019-01-01,2020-07-01,2020-07-01,2020-07-01,2020-07-01,2020-07-01,N,ONEIDA,"Utica-Rome, NY",Y,Y,Y
136872023,13687,2023,NY237UN00,NY237UN00,,N,N,,I,SUNY POLICE: OSWEGO,SUNY COLLEGE: OSWEGO,State University of New York Police:,Oswego,A,38,New York,NY,NY,2,Middle Atlantic,1,Northeast,Region I,University or College,0,23384,NYUCR0001,New York State Division of Criminal Justice Services Office of Justice Research and Performance,Y,11,7,"Cities under 2,500",7,"Cities under 2,500",N,11,,Y,17,3,20,0,2,2,0,0,2019-01-01,2020-10-01,2020-10-01,2020-10-01,2020-10-01,2020-10-01,N,OSWEGO,"Syracuse, NY",Y,Y,Y
136932023,13693,2023,NY251UF00,NY251UF00,,N,N,,I,SUNY POLICE: FARMINGDALE,SUNY A&T COL:FARMINGDALE,State University of New York Police:,Farmingdale,A,38,New York,NY,NY,2,Middle Atlantic,1,Northeast,Region I,University or College,0,23384,NYUCR0001,New York State Division of Criminal Justice Services Office of Justice Research and Performance,Y,11,7,"Cities under 2,500",7,"Cities under 2,500",N,11,,Y,17,5,22,8,3,11,0,0,2019-01-01,2020-10-01,2020-10-01,2020-10-01,2020-10-01,2020-10-01,N,SUFFOLK,"New York-Newark-Jersey City, NY-NJ",Y,Y,Y
136942023,13694,2023,NY251US00,NY251US00,,N,N,,I,SUNY POLICE: STONY BROOK,SUNY: STONY BROOK,State University of New York Police:,Stony Brook,A,38,New York,NY,NY,2,Middle Atlantic,1,Northeast,Region I,University or College,0,23384,NYUCR0001,New York State Division of Criminal Justice Services Office of Justice Research and Performance,Y,11,7,"Cities under 2,500",7,"Cities under 2,500",N,11,,Y,59,53,112,16,15,31,0,0,2019-01-01,2021-01-01,2021-01-01,2021-01-01,2021-01-01,2021-01-01,N,SUFFOLK,"New York-Newark-Jersey City, NY-NJ",Y,Y,Y
136952023,13695,2023,NY054119E,NY254UC00,,N,N,,I,CORNELL UNIVERSITY,CORNELL UNIV POLICE 911 CENTER,Cornell University,,A,38,New York,NY,NY,2,Middle Atlantic,1,Northeast,Region I,University or College,0,23384,NYUCR0001,New York State Division of Criminal Justice Services Office of Justice Research and Performance,Y,11,7,"Cities under 2,500",7,"Cities under 2,500",N,11,,Y,43,16,59,6,19,25,0,0,2019-01-01,2019-08-01,2019-08-01,2020-01-01,2020-01-01,2020-01-01,N,TOMPKINS,"Ithaca, NY",Y,Y,Y
136972023,13697,2023,NY255UN00,NY255UN00,,N,N,,I,SUNY POLICE: NEW PALTZ,SUNY COLLEGE: NEW PALTZ,State University of New York Police:,New Paltz,A,38,New York,NY,NY,2,Middle Atlantic,1,Northeast,Region I,University or College,0,23384,NYUCR0001,New York State Division of Criminal Justice Services Office of Justice Research and Performance,Y,11,7,"Cities under 2,500",7,"Cities under 2,500",N,11,,Y,15,0,15,6,5,11,0,0,2019-01-01,2021-01-01,2021-01-01,2021-01-01,2021-01-01,2021-01-01,N,ULSTER,"Kingston, NY",Y,Y,Y
140572023,14057,2023,NYDI02100,NYDI02100,,Y,N,,I,ONEIDA INDIAN NATION,ONEIDA INDIAN NATION POLICE DEPARTMENT,Oneida Indian Nation,,A,38,New York,NY,NY,2,Middle Atlantic,1,Northeast,Region I,Tribal,0,32314,NYDI02100,Oneida Indian Nation,N,11,7,"Cities under 2,500",7,"Cities under 2,500",N,11,,N,,,,,,,0,0,2020-12-01,2020-12-01,2020-12-01,2020-12-01,2020-12-01,2020-12-01,N,NOT SPECIFIED,Not Specified,Y,Y,Y
140582023,14058,2023,NYDI02200,NYDI02200,,Y,N,,I,ST. REGIS TRIBAL,ST REGIS TRIBAL POLICE DEPARTMENT,St. Regis Tribal,,A,38,New York,NY,NY,2,Middle Atlantic,1,Northeast,Region I,Tribal,0,32618,NYDI02200,St. Regis Tribal,N,11,7,"Cities under 2,500",7,"Cities under 2,500",N,11,,Y,20,3,23,4,2,6,0,0,2021-01-01,2021-01-01,2021-01-01,2021-01-01,2021-01-01,2021-01-01,N,NOT SPECIFIED,Not Specified,Y,Y,Y
231532023,23153,2023,NY0490100,NY0490100,,N,N,,I,SENECA FALLS TOWN,SENECA FALLS TOWN,Seneca Falls Town,,A,38,New York,NY,NY,2,Middle Atlantic,1,Northeast,Region I,City,8903,23384,NYUCR0001,New York State Division of Criminal Justice Services Office of Justice Research and Performance,N,10,6,"Cities from 2,500 thru 9,999",6,"Cities from 2,500 thru 9,999",N,10,,Y,15,0,15,2,2,4,1.9,2.1,2019-01-01,2020-08-01,2020-08-01,2020-09-01,2020-09-01,2020-09-01,N,SENECA,Not Specified,Y,Y,Y
291742023,29174,2023,NY0315900,NY0315900,,N,N,,I,SOMERSET TOWN,,Somerset Town,,A,38,New York,NY,NY,2,Middle Atlantic,1,Northeast,Region I,City,1992,23384,NYUCR0001,New York State Division of Criminal Justice Services Office of Justice Research and Performance,Y,11,7,"Cities under 2,500",7,"Cities under 2,500",N,11,,N,0,0,0,0,0,0,0.0,0.0,2019-01-01,2020-01-01,2020-01-01,2020-01-01,2020-01-01,2020-01-01,N,NIAGARA,"Buffalo-Cheektowaga, NY",Y,Y,Y
